37,1,37,,17010589,,13383,13383,,62971800,,
62,1,62,,16010784,,68,66,,27924050,,
68,1,68,,16010784,,19420,19420,,11001875,,
103,1,103,,30010270,,20070,20070,,15593225,,
120,1,120,,40010110,,1000006,1000006,,40906000,,
155,1,155,,12210015,,157,157,,28022975,,
157,2,157,,12210015,12230155,162,162,,3809800,,
162,1,162,,12210015,,166,166,,22343725,,
166,2,166,,12210015,12230159,168,168,,37333300,,
168,1,168,,12210015,,172,172,,5320700,,
172,2,172,,12210015,12250001,20548,20548,,20965975,,
222,1,222,,16010280,,236,236,,53088725,,
236,1,236,,16010280,,238,238,,66399550,,
238,1,238,,16010280,,11114,11114,,56052400,,
279,1,279,,41010962,,6429,6429,,73916925,,
882,2,882,,10010314,10050030,3191,3191,,593100,,
884,1,884,,13010143,,892,892,,49037800,,
892,2,892,,13010143,13050010,1404,19677,,45112125,,
952,1,952,,12210135,,4490,4490,,42899500,,
998,1,998,,12210750,,1005,1005,,34420325,,
1005,1,1005,,12210750,,1007,1007,,50704700,,
1007,1,1007,,12210750,,1017,1017,,610850,,
1017,1,1017,,12210750,,1022,1022,,64383050,,
1022,1,1022,,12210750,,1026,1026,,51067975,,
296,1,296,,12210959,,6761,6761,,2923475,,
303,1,303,,30010832,,306,306,,58452225,,
306,1,306,,30010832,,20978,20978,,53560125,,
326,1,326,,12211090,,20668,20668,,46139050,,
359,1,359,,11010200,,19753,19753,,46934750,,
374,1,374,,10011083,,381,381,,79322650,,
381,1,381,,10011083,,17474,17474,,64424675,,
382,1,382,,11010144,,8482,8482,,52622675,,
455,1,455,,30010580,,20040,20040,,77266950,,
472,1,472,,12210654,,1438,1438,,15822600,,
494,1,494,,10012580,,499,499,,83172800,,
499,1,499,,10012580,,1000201,13958,,49602650,,
572,1,572,,12010480,,7296,7296,,42805700,,
589,1,589,,10012168,,18599,18599,,4754825,,
611,1,611,,10010867,,8043,8043,,70281050,,
643,1,643,,30010423,,19829,19829,,35006950,,
644,1,644,,12110336,,646,646,,62194425,,
646,1,646,,12110336,,647,647,,13551900,,
647,2,647,,12110336,12140430,648,648,,12164475,,
648,1,648,,12110336,,14389,14389,,5581075,,
669,1,669,,10010241,,3962,671,,59482200,,
1026,1,1026,,12210750,,20638,20638,,35018425,,
684,1,684,,10011415,,18350,18350,,4249275,,
700,2,700,,50010434,50030223,15917,4784,,9354100,,
715,2,715,,12210945,12231856,12804,12801,,35337825,,
716,1,716,,50010004,,719,719,,37756075,,
719,2,719,,50010004,50040002,8343,8343,,60620100,,
747,1,747,,50010412,,748,748,,58361463.02930405,1090661.8649860963,
748,2,748,,50010412,50030219,4778,4778,,8843075,,
1438,2,1438,,12210653,12241553,10900,10900,,37012850,,
2164,2,2164,,12210752,12241640,998,998,,61120775,,
2189,1,2189,,14010160,,2196,2196,,40212800,,
771,1,771,,30010769,,4415,1691,,3015375,,
2196,1,2196,,14010160,,2204,2204,,93540975,,
2204,1,2204,,14010160,,2210,2210,,78517175,,
2210,1,2210,,14010160,,2221,2221,,48674425,,
2221,1,2221,,14010160,,2225,2225,,35727525,,
2225,1,2225,,14010160,,20466,20466,,18371000,,
2270,1,2270,,10011539,,9520,9520,,74103775,,
2274,1,2274,,12010542,,20719,20719,,53920775,,
2374,1,2374,,20012050,,2379,2379,,31925275,,
6530,1,6530,,16010746,,19403,19403,,72138675,,
6583,1,6583,,12010535,,18698,18698,,65613075,,
6587,1,6587,,10010024,,1000057,1000057,,43648378.44852617,165498.8611999459,
782,1,782,,13010944,,17834,17834,,2888775,,
788,1,788,,10011536,,9517,9516,,27121500,,
792,1,792,,12211215,,1118,1118,,34114275,,
2810,1,2810,,12210326,,12408,12408,,10865000,,
2841,1,2841,,14010650,,20512,20512,,64242350,,
2902,1,2902,,50010007,,716,716,,63856625,,
2912,1,2912,,42010579,,12196,12196,,22449675,,
6629,1,6629,,20010111,,10806,10806,,40967050,,
6670,1,6670,,16010765,,6676,6671,,6105075,,
805,1,805,,30011128,,11363,11363,,4444625,,
836,1,836,,30010487,,838,838,,34936950,,
838,1,838,,30010487,,11891,11891,,12759600,,
851,1,851,,13010131,,18847,18847,,63573425,,
857,1,857,,12211231,,9088,9088,,79405950,,
880,1,880,,10010314,,882,882,,51469725,,
6987,1,6987,,15010601,,6990,6990,,55581241.45224701,636726.3383620452,
6990,1,6990,,15010601,,6992,6992,,36424050,,
19372,1,19372,,14010192,,2225,2225,,51539600,,
19381,1,19381,,10010020,,19385,19385,,73194432.03813906,10735688.47234124,
19385,1,19385,,10010020,,1000057,1000057,,18577375,,
19403,1,19403,,16010730,,19406,19406,,29378975,,
1090,1,1090,,10011401,,21558,21557,,4597650,,
1107,1,1107,,12211210,,1113,1113,,23825300,,
1113,1,1113,,12211210,,1118,1118,,16780075,,
1118,1,1118,,12211210,,1119,1119,,72605075,,
1119,1,1119,,12211210,,1126,1126,,18442675,,
1126,2,1126,,12211210,12250340,1127,1127,,41194775,,
7910,2,7910,,12110225,12130359,7911,7911,,12170850,,
1127,1,1127,,12211210,,1128,1128,,176575,,
1221,1,1221,,10010279,,1223,1223,,1066425,,
3191,2,3191,,10010240,10050030,3192,3192,,394375,,
3192,1,3192,,10010240,,13729,13729,,6184348.955231678,,
3202,1,3202,,11010180,,19750,19750,,46963875,,
1128,1,1128,,12211210,,1129,1129,,2262200,,
1129,2,1129,,12211210,12250341,1136,1136,,22534875,,
1136,1,1136,,12211210,,1144,1144,,41722675,,
1144,1,1144,,12211210,,1149,1149,,79638775,,
1149,1,1149,,12211210,,1154,1154,,83098075,,
1154,1,1154,,12211210,,1166,1166,,36919050,,
1166,1,1166,,12211210,,20681,20681,,32433900,,
1175,1,1175,,12110329,,16410,1176,,8712425,,
1181,1,1181,,10012431,,18837,18837,,35676925,,
1218,1,1218,,10010279,,1221,1221,,11993150,,
1301,1,1301,,13011010,,1309,1309,,82573325,,
1309,1,1309,,13011010,,1313,1313,,49543225,,
1313,1,1313,,13011010,,1317,1317,,59235300,,
1317,1,1317,,13011010,,1323,1323,,47092100,,
1223,2,1223,,10010279,10030110,1225,1224,,1276800,,
1225,2,1225,,10010279,10030110,10461,10461,,5766350,,
1323,1,1323,,13011010,,1324,1324,,26255525,,
1443,1,1443,,50010268,,1000100,1000100,,3457625,,
1474,1,1474,,10010520,,13747,19795,,17085025,,
3241,1,3241,,30010970,,3249,3249,,49646650,,
3249,1,3249,,30010970,,20024,20024,,18628200,,
3281,1,3281,,41010744,,1993,1993,,58603850,,
3308,1,3308,,10010889,,12374,3309,,4301000,,
3363,1,3363,,10010913,,3367,3367,,47167550,,
3367,1,3367,,10010913,,8063,8063,,42772650,,
3378,1,3378,,17010852,,20140,20140,,32383400,,
3415,2,3415,,12210657,12231563,18016,18016,,54131625,,
3423,1,3423,,13011065,,1369,1369,,31366250,,
1271,1,1271,,20010560,,21186,1275,,4497775,,
1324,1,1324,,13011010,,1326,1326,,5031800,,
1326,1,1326,,13011010,,1330,1330,,17517775,,
1330,1,1330,,13011010,,1336,1336,,24629875,,
1336,2,1336,,13011010,13050231,1342,1342,,35747625,,
1342,1,1342,,13011010,,1349,1349,,34301050,,
1349,1,1349,,13011010,,1356,1356,,79805700,,
1356,2,1356,,13011010,13050232,1357,1357,,26020825,,
1357,1,1357,,13011010,,1369,1369,,8451825,,
1369,1,1369,,13011010,,16154,16154,,79865525,,
1379,1,1379,,20012174,,20381,20381,,39466059.929473564,3846490.5868801624,
1404,1,1404,,13010163,,19686,19686,,47007075,,
1481,1,1481,,50010267,,1000100,1000100,,6518325,,
1491,1,1491,,17010060,,8187,8187,,38323200,,
1495,1,1495,,11010435,,1497,1497,,11935175,,
1497,2,1497,,11010435,11040132,1499,1499,,5828250,,
1859,1,1859,,41010030,,1875,1873,,35884975,,
1871,1,1871,,41010001,,1872,1872,,13939750,,
3432,1,3432,,15010360,,16618,16618,,35746875,,
3473,1,3473,,13011190,,3477,3477,,64830500,,
3477,2,3477,,13011190,13050280,3480,3478,,30209050,,
3480,2,3480,,13011190,13050281,3485,3485,,10204325,,
3485,1,3485,,13011190,,16163,16163,,33363875,,
3507,1,3507,,30010610,,3511,3508,,69392265.7992654,22248101.80788035,
3511,2,3511,,30010610,30050140,3513,3512,,34311800,,
7911,1,7911,,12110225,,1543,1543,,35878800,,
7936,1,7936,,41010120,,1884,1884,,63530675,,
7983,1,7983,,14010530,,7990,7990,,45250075,,
7990,1,7990,,14010530,,7996,7996,,54359650,,
7996,1,7996,,14010530,,20511,20511,,31237100,,
8006,1,8006,,12110270,,8011,8011,,13678775,,
8011,2,8011,,12110270,12140445,8012,8012,,5325100,,
1499,1,1499,,11010435,,1506,1506,,2674150,,
1506,2,1506,,11010435,11040135,1507,100091,,37457350,,
4174,1,4174,,11010290,,4175,4175,,75592150,,
4175,1,4175,,11010290,,4177,4177,,66149850,,
4177,1,4177,,11010290,,19757,19757,,13099575,,
4185,1,4185,,41010020,,1872,1872,,18917000,,
4263,1,4263,,42010310,,7209,7209,,56843967.15901358,28802331.76482963,
4280,1,4280,,41010928,,10040,10040,,23280225,,
4379,1,4379,,41011052,,4119,4119,,5468425,,
4398,1,4398,,13010363,,13062,13062,,42480250,,
4411,2,4411,,30010740,30040060,4414,4414,,16731225,,
4414,1,4414,,30010740,,4415,4415,,18338700,,
4415,1,4415,,30010740,,4417,4417,,4189600,,
4417,1,4417,,30010740,,4428,4428,,28933575,,
4428,1,4428,,30010740,,4431,4431,,41047825,,
4431,1,4431,,30010740,,4437,4437,,39893800,,
4437,1,4437,,30010740,,4445,4445,,8218025,,
1507,2,1507,,11010435,11040136,1511,1511,,1620275,,
1511,1,1511,,11010435,,20233,20233,,19594525,,
1538,2,1538,,12110210,12130336,1539,1539,,12999775,,
1539,1,1539,,12110210,,1543,1543,,14609175,,
1543,1,1543,,12110210,,15475,15475,,12498225,,
1558,1,1558,,11010550,,1567,1567,,52074950,,
1567,1,1567,,11010550,,1576,1576,,63265800,,
1576,1,1576,,11010550,,19786,19786,,145656450,,
1612,1,1612,,13011023,,1616,1616,,44188775,,
1616,1,1616,,13011023,,1624,1624,,70471000,,
1624,1,1624,,13011023,,1627,1627,,74751000,,
1627,1,1627,,13011023,,1326,1326,,30870700,,
1637,1,1637,,41010899,,14587,14587,,67592000,,
1690,1,1690,,30010762,,4415,1691,,52463400,,
4445,1,4445,,30010740,,4455,4455,,61305950,,
4455,1,4455,,30010740,,4456,4456,,27116225,,
4456,1,4456,,30010740,,4460,4460,,4143125,,
4460,1,4460,,30010740,,20028,20028,,12844425,,
4471,1,4471,,42010643,,19085,19085,,44107875,,
4477,1,4477,,13011049,,4482,4482,,63836550,,
4482,1,4482,,13011049,,1349,1349,,33060250,,
4487,1,4487,,12210133,,4490,4490,,18451900,,
8061,1,8061,,10010860,,8063,8063,,34386775,,
19463,1,19463,,15010410,,19465,19465,,78802650,,
1706,1,1706,,41010290,,1707,1707,,1798075,,
1914,1,1914,,41010001,,1915,1915,,577875,,
8238,1,8238,,17010001,,8243,8243,,93664350,,
1707,2,1707,,41010290,41040020,1712,1712,,3923850,,
1712,1,1712,,41010290,,1721,1721,,30243400,,
1721,1,1721,,41010290,,1902,1902,,49795000,,
1802,1,1802,,15010690,,1806,1806,,58569900,,
1806,1,1806,,15010690,,16655,16655,,546521.1381486715,,
1820,1,1820,,10012437,,1827,1827,,71331625,,
1827,1,1827,,10012437,,1833,1833,,37923800,,
1833,1,1833,,10012437,,18838,18838,,69464975,,
2072,1,2072,,17010810,,2080,2080,,13431725,,
1834,1,1834,,10012484,,9847,9847,,4300100,,
1872,1,1872,,41010001,,1875,1873,,2149200,,
1875,1,1875,,41010001,,1876,1876,,11984975,,
1876,1,1876,,41010001,,1881,1881,,17985700,,
1881,1,1881,,41010001,,1884,1884,,17266800,,
1884,1,1884,,41010001,,1890,1890,,15287075,,
1890,1,1890,,41010001,,1896,1896,,27457025,,
1896,1,1896,,41010001,,1902,1902,,29858400,,
1902,1,1902,,41010001,,1909,1909,,35449175,,
1909,1,1909,,41010001,,1913,1913,,47393675,,
1913,1,1913,,41010001,,1914,1914,,10244850,,
2080,1,2080,,17010810,,2081,2081,,26641350,,
2081,1,2081,,17010810,,2090,2090,,20209850,,
2090,1,2090,,17010810,,1000301,1000301,,14623825,,
2111,1,2111,,30010174,,2113,2113,,52944175,,
2113,1,2113,,30010174,,9890,9890,,29665925,,
1915,2,1915,,41010001,41050001,1920,1920,,543075,,
1920,2,1920,,41010001,41050001,1924,1924,,43498500,,
1924,1,1924,,41010001,,1930,1930,,56136750,,
1930,1,1930,,41010001,,1937,1937,,55640325,,
1937,1,1937,,41010001,,1942,1942,,37116950,,
1942,1,1942,,41010001,,1945,1945,,38569600,,
1945,1,1945,,41010001,,1946,1946,,13765800,,
1946,1,1946,,41010001,,1949,1949,,1088150,,
1949,1,1949,,41010001,,1954,1954,,16155800,,
1954,1,1954,,41010001,,1959,1959,,26211150,,
1959,1,1959,,41010001,,1000014,1000014,,90251000,,
1985,1,1985,,41010730,,1991,1991,,65177000,,
1991,1,1991,,41010730,,1993,1993,,30395175,,
1993,1,1993,,41010730,,1937,1937,,7857375,,
2002,1,2002,,12211245,,1128,1128,,47749600,,
2036,1,2036,,30010791,,2039,2039,,45571000,,
2039,1,2039,,30010791,,4437,4437,,39571875,,
2050,1,2050,,20010121,,10815,10815,,41904450,,
2060,1,2060,,17010810,,2068,2068,,63475175,,
2068,1,2068,,17010810,,2072,2072,,38949950,,
2379,2,2379,,20012050,20050100,21476,21476,,1553675,,
2390,1,2390,,15010713,,7589,7589,,34004200,,
2407,1,2407,,15010608,,6992,6992,,65875825,,
2468,1,2468,,14010012,,15940,15940,,23074000,,
2482,1,2482,,17010828,,17777,17777,,35131250,,
2519,2,2519,,50010605,50030300,14657,14657,,69589650,,
2532,1,2532,,30010590,,20039,20039,,70464875,,
2587,1,2587,,13011195,,3477,3477,,11432975,,
2648,1,2648,,10011073,,2658,2658,,19504250,,
2658,1,2658,,10011073,,17468,17468,,41952475,,
2680,1,2680,,12010340,,7276,7276,,10608975,,
4490,1,4490,,12210133,,4494,4494,,324225,,
4494,1,4494,,12210133,,15256,15256,,25420700,,
4510,1,4510,,41011247,,12452,12452,,52680025,,
4511,1,4511,,14010232,,4521,4521,,92867850,,
4521,1,4521,,14010232,,21805,21772,,25108325,,
4541,1,4541,,12210928,,6741,6741,,50795125,,
4587,1,4587,,12010670,,7322,7322,,33182675,,
4632,1,4632,,11010150,,4636,4636,,64310825,,
4636,1,4636,,11010150,,19748,19748,,24780125,,
4651,1,4651,,17010911,,4654,4654,,49021050,,
4654,1,4654,,17010911,,2090,2090,,15156000,,
2690,1,2690,,10010884,,8051,8051,,2994550,,
2709,1,2709,,16010650,,2719,2719,,47238075,,
2719,1,2719,,16010650,,2724,2720,,38019025,,
2724,1,2724,,16010650,,11145,11145,,17047950,,
2734,1,2734,,41011053,,2741,2741,,54121350,,
2741,1,2741,,41011053,,6466,6466,,31843525,,
2753,1,2753,,10011389,,18330,2756,,39824400,,
2802,1,2802,,13010652,,20739,20749,,9555750,,
2804,1,2804,,12210326,,2806,2806,,35006600,,
4668,1,4668,,12010821,,18912,4672,,15810275,,
4738,1,4738,,12210124,,15248,15248,,64357620.36801411,15429252.843779437,
4745,1,4745,,42010564,,21137,21137,,34511450,,
4778,1,4778,,50010411,,4782,4782,,71833425,,
4782,1,4782,,50010411,,4783,4783,,59077575,,
8243,1,8243,,17010001,,8248,8248,,26463000,,
8248,1,8248,,17010001,,8256,8256,,52257100,,
8256,1,8256,,17010001,,8260,8260,,54132550,,
8260,1,8260,,17010001,,8264,8264,,30398275,,
8264,1,8264,,17010001,,1000301,1000301,,34524575,,
8271,1,8271,,17010001,,8274,8274,,18684000,,
8274,1,8274,,17010001,,1000046,1000046,,40229877.93195989,,
8282,1,8282,,12210332,,8284,8284,,36358425,,
2806,2,2806,,12210326,12250108,2807,2807,,2705450,,
2807,2,2807,,12210326,12250108,2810,2810,,531875,,
2917,1,2917,,11010630,,19791,19791,,3857775,,
2923,1,2923,,11010630,,2917,2917,,32022875,,
2981,1,2981,,30011181,,2983,2983,,46453400,,
2983,1,2983,,30011181,,2992,2985,,45499225,,
2992,1,2992,,30011181,,21422,21422,,64543875,,
3000,1,3000,,12211010,,3005,3005,,61745225,,
3005,1,3005,,12211010,,3007,3007,,39918525,,
3007,1,3007,,12211010,,3008,3008,,14923650,,
3008,2,3008,,12211010,12250281,3011,3011,,8428650,,
3011,1,3011,,12211010,,20661,20661,,5337300,,
3041,1,3041,,13010280,,16097,16097,,59972600,,
3112,1,3112,,16010861,,3119,3119,,72204850,,
3119,1,3119,,16010861,,20302,20302,,66409000,,
3146,1,3146,,42010180,,3148,3148,,36598375,,
5433,1,5433,,12010630,,5439,5439,,41985125,,
5439,1,5439,,12010630,,7310,7310,,68832875,,
5470,1,5470,,13010460,,5474,5474,,69001975,,
3148,1,3148,,42010180,,3149,3149,,2889050,,
3149,1,3149,,42010180,,3162,3162,,4881925,,
3162,1,3162,,42010180,,3168,3168,,92233583.04743944,13708585.85997931,
3168,1,3168,,42010180,,7190,7190,,56152200,,
3178,1,3178,,10010240,,3182,3182,,6666450,,
3182,1,3182,,10010240,,3188,3187,,42071975,,
3188,2,3188,,10010240,10050030,3191,3191,,13555725,,
5474,1,5474,,13010460,,5480,5477,,52893175,,
5480,2,5480,,13010460,13050062,5481,5481,,15502400,,
3513,2,3513,,30010610,30050140,3520,3520,,2169775,,
3520,1,3520,,30010610,,3524,3524,,57697325,,
3524,1,3524,,30010610,,20034,20034,,34101900,,
3570,1,3570,,12210317,,17497,17497,,53006375,,
3614,1,3614,,13011154,,16743,16743,,48508850,,
3642,1,3642,,13010773,,8709,8709,,43025925,,
3698,1,3698,,12011010,,3705,3705,,67690025,,
3705,1,3705,,12011010,,7355,7355,,64517175,,
3713,1,3713,,10012564,,10732,10732,,6776825,,
3717,1,3717,,10010276,,1225,3719,,7038073.456876898,67991512.85057864,
3722,1,3722,,42010652,,19086,19086,,8200975,,
3736,1,3736,,13010477,,5480,3735,,10191875,,
3748,1,3748,,13010795,,3753,3753,,89829200,,
3753,1,3753,,13010795,,3761,3761,,85721450,,
3761,1,3761,,13010795,,3763,3763,,49756225,,
3763,1,3763,,13010795,,3766,3766,,9961175,,
3766,2,3766,,13010795,13050171,8727,8727,,20326525,,
5561,1,5561,,12210640,,20628,5563,,43686275,,
5571,1,5571,,16011010,,5581,5581,,83078325,,
5581,1,5581,,16011010,,5584,5584,,86166725,,
5584,1,5584,,16011010,,11159,11159,,18232400,,
5592,2,5592,,10010284,10030110,1225,1224,,30724575,,
5634,1,5634,,12210450,,5644,5644,,107005775,,
5644,1,5644,,12210450,,5648,5648,,88299575,,
5648,1,5648,,12210450,,5652,5652,,73172175,,
5652,1,5652,,12210450,,5655,5655,,10723025,,
5655,1,5655,,12210450,,5663,5663,,30498275,,
5663,1,5663,,12210450,,5670,5670,,20719050,,
5670,1,5670,,12210450,,20612,20612,,74271825,,
5687,1,5687,,10011910,,13895,13895,,40341975,,
5741,1,5741,,10012620,,5750,5750,,52906175,,
5750,1,5750,,10012620,,5756,5756,,55616600,,
5756,1,5756,,10012620,,5763,5763,,70787925,,
3769,1,3769,,10010892,,12378,3771,,4302575,,
3831,1,3831,,16010161,,10548,10548,,63179900,,
5763,1,5763,,10012620,,5768,5768,,52791150,,
5768,1,5768,,10012620,,13964,13964,,48955975,,
5874,1,5874,,30010849,,9110,9110,,52118150,,
5916,1,5916,,41011287,,12470,12470,,33989000,,
5932,1,5932,,10010296,,5939,5939,,47271550,,
5939,1,5939,,10010296,,5942,5942,,42830950,,
5942,1,5942,,10010296,,5948,5948,,47856725,,
5948,2,5948,,10010296,10050030,3191,3191,,28906575,,
3833,1,3833,,12110048,,3834,3834,,3287975,,
6011,1,6011,,14010290,,6014,6014,,57706250,,
6014,1,6014,,14010290,,20482,20482,,33160325,,
6300,1,6300,,12010290,,7270,7270,,462175,,
6318,1,6318,,42010192,,3162,3162,,42679135.414600976,34864956.521546125,
6334,1,6334,,12211130,,6336,6336,,83674150,,
3834,1,3834,,12110048,,12382,12382,,3913375,,
3889,1,3889,,30010743,,3892,3892,,54352475,,
3892,1,3892,,30010743,,3893,3893,,26182500,,
6297,1,6297,,12010290,,6300,6300,,38957150,,
6336,1,6336,,12211130,,6339,6338,,67057375,,
6339,1,6339,,12211130,,6343,6343,,33682325,,
6343,1,6343,,12211130,,20669,20669,,37659875,,
6348,1,6348,,12010954,,18202,18202,,8312275,,
6394,1,6394,,41010850,,6397,6397,,56353100,,
6397,1,6397,,41010850,,6402,6402,,24442100,,
3893,2,3893,,30010743,30040060,4411,4411,,987150,,
3901,1,3901,,15010762,,16542,16542,,42176650,,
3929,1,3929,,42010186,,3149,3149,,50743904.5557265,1565268.6663435227,
3940,1,3940,,10012201,,3947,3947,,63205075,,
3947,1,3947,,10012201,,3952,3952,,25285925,,
3952,2,3952,,10012201,10050492,12997,12997,,82675,,
3960,2,3960,,10010252,10030041,3961,3961,,10355150,,
6402,2,6402,,41010850,41050100,6405,6405,,52755700,,
6405,2,6405,,41010850,41050100,6408,6407,,30901875,,
6408,1,6408,,41010850,,6414,6414,,5286700,,
6414,1,6414,,41010850,,6420,6420,,38134500,,
6420,1,6420,,41010850,,6421,6421,,17448375,,
6421,1,6421,,41010850,,6429,6429,,6018725,,
6429,1,6429,,41010850,,6437,6437,,39602275,,
6437,1,6437,,41010850,,1001112,1001112,,85280750,,
6453,1,6453,,41010850,,6458,6458,,66186863.00408167,,
6458,1,6458,,41010850,,6461,6461,,26440700,,
6461,1,6461,,41010850,,6462,6462,,8393025,,
6462,1,6462,,41010850,,6466,6466,,7174875,,
8284,2,8284,,12210332,12250108,2807,2807,,7293650,,
8310,1,8310,,30010881,,4460,4460,,60886550,,
8343,1,8343,,50010002,,20950,20950,,45288775,,
3961,2,3961,,10010252,10030001,3962,3962,,3432275,,
3962,2,3962,,10010252,10030001,3178,3178,,19545450,,
3968,1,3968,,16010060,,11086,11086,,32074075,,
3988,1,3988,,41011263,,3993,3993,,41395725,,
3993,1,3993,,41011263,,12462,12462,,40092300,,
4112,1,4112,,41011045,,4117,4117,,53686425,,
4117,1,4117,,41011045,,4119,4119,,34696725,,
4119,1,4119,,41011045,,6462,6462,,17895875,,
4132,1,4132,,13010373,,18121,18121,,65837925,,
4153,1,4153,,41011210,,4156,4156,,50534650,,
4156,1,4156,,41011210,,1949,1949,,12662650,,
4783,2,4783,,50010411,50030223,15917,4784,,1250525,,
4828,1,4828,,12010420,,4833,4830,,50721169.43637999,38309268.29787219,
4833,1,4833,,12010420,,4836,4836,,32490381.639028788,33950289.127154745,
4836,1,4836,,12010420,,4841,4841,,57592825,4544287.965165889,
4841,1,4841,,12010420,,4848,4848,,32291229.98442818,,
4848,1,4848,,12010420,,4851,4851,,85741000,,
4851,1,4851,,12010420,,7289,7289,,65827550,,
4877,1,4877,,12110025,,4883,4883,,57157025,,
4883,2,4883,,12110025,12130110,4885,4884,,60637725,,
4885,2,4885,,12110025,12130111,21794,9203,,9681600,,
4892,1,4892,,12010292,,6300,6300,,30612925,,
4916,1,4916,,41011275,,4917,4917,,59798375,,
4917,1,4917,,41011275,,12469,12469,,35213325,,
4958,1,4958,,16010774,,17225,17225,,47180050,,
4972,2,4972,,12210146,12230017,11455,4973,,13120475,,
4984,1,4984,,12010656,,21025,21022,,16074950,,
5010,1,5010,,20012136,,6941,6941,,40935825,,
5044,1,5044,,14010230,,20472,20472,,35675375,,
5067,1,5067,,12210482,,5670,5670,,73326225,,
5084,1,5084,,13011170,,5088,5088,,77715025,,
5088,2,5088,,13011170,13050261,5091,5091,,24040750,,
5091,1,5091,,13011170,,16156,16156,,31745475,,
5117,1,5117,,16010899,,19430,19430,,56758225,,
5152,1,5152,,12210758,,5154,5154,,37608525,,
5154,2,5154,,12210758,12231667,7478,7478,,13650775,,
5166,1,5166,,13010745,,5172,5172,,49267200,,
5172,1,5172,,13010745,,7728,7728,,32397550,,
5238,1,5238,,16010527,,5241,5241,,20290400,,
5241,1,5241,,16010527,,6839,6839,,29164250,,
5254,1,5254,,30010643,,15873,15873,,18471050,,
5275,1,5275,,12210540,,5280,5280,,47937350,,
5280,1,5280,,12210540,,20620,20620,,35836225,,
5288,1,5288,,16010902,,5296,5296,,39446175,,
5296,1,5296,,16010902,,19436,19436,,30409325,,
5335,1,5335,,17010469,,20444,20444,,44137175,,
5356,1,5356,,11010470,,5359,5358,,8997025,,
5359,2,5359,,11010470,11050112,5360,5360,,33011675,,
5360,1,5360,,11010470,,19778,19778,,10874825,,
5373,1,5373,,30010486,,11885,11885,,15982425,,
5427,1,5427,,12010630,,5433,5433,,58287225,,
5481,1,5481,,13010460,,5486,5486,,2237600,,
5486,1,5486,,13010460,,16119,16119,,45304550,,
5523,1,5523,,15010568,,5524,5524,,61039997.30191392,10942105.10593611,
5524,1,5524,,15010568,,5527,5527,,4854930.705256739,5415197.6285327785,
5527,1,5527,,15010568,,21448,21448,,3947450.3502186164,14125639.633740243,
5546,1,5546,,13020001,,16106,16106,,62521950,,
6062,1,6062,,10010304,,5942,5942,,3573375,,
6085,1,6085,,11010380,,19764,19764,,55875650,,
6118,1,6118,,12210475,,13278,13278,,52704600,,
6134,1,6134,,12010380,,7285,7285,,14790200,,
6176,1,6176,,16010796,,6181,6181,,36263525,,
6181,1,6181,,16010796,,6192,6192,,80683125,,
6192,1,6192,,16010796,,6203,6203,,68149425,,
6203,1,6203,,16010796,,19424,19424,,34903675,,
6275,2,6275,,50010846,50030474,1000065,6277,,56718675,,
6285,1,6285,,15010520,,16638,16638,,50822525,,
6293,1,6293,,15010594,,15379,15379,,51513600,,
6466,1,6466,,41010850,,1945,1945,,4983700,,
6676,1,6676,,16010765,,6684,6677,,645200,,
6684,1,6684,,16010765,,19409,19409,,32088375,,
6688,1,6688,,30011326,,6692,6692,,19932125,,
6692,1,6692,,30011326,,6695,6694,,31519000,,
6695,1,6695,,30011326,,6703,6703,,11944675,,
6703,1,6703,,30011326,,18956,18956,,40060150,,
6730,1,6730,,12210920,,6741,6741,,104121425,,
6741,1,6741,,12210920,,6747,6747,,59089275,,
6747,1,6747,,12210920,,6750,6750,,83785900,,
6750,1,6750,,12210920,,6753,6753,,17175850,,
6753,1,6753,,12210920,,6757,6757,,238575,,
6757,1,6757,,12210920,,6761,6761,,9804675,,
6761,1,6761,,12210920,,20655,20655,,16933925,,
6822,1,6822,,16010510,,6832,6832,,38137675,,
6832,1,6832,,16010510,,6839,6839,,62655900,,
6839,1,6839,,16010510,,6847,6847,,65621250,,
6847,1,6847,,16010510,,6856,6856,,34326850,,
6856,1,6856,,16010510,,11138,11138,,31967200,,
6891,1,6891,,11010040,,19721,19721,,49210525,,
6915,1,6915,,30011327,,6916,6916,,58903775,,
6916,2,6916,,30011327,30030140,6688,6685,,7410850,,
6924,1,6924,,20012110,,6930,6930,,73793775,,
6930,1,6930,,20012110,,6935,6935,,74210600,,
6935,1,6935,,20012110,,6939,6939,,38757925,,
6939,1,6939,,20012110,,6941,6941,,7576125,,
6941,1,6941,,20012110,,19612,19612,,23132525,,
6980,1,6980,,12110009,,19884,19884,,9580100,,
6992,1,6992,,15010601,,6999,6999,,1352925,,
6999,1,6999,,15010601,,7005,7005,,67715775,,
7005,1,7005,,15010601,,15388,15388,,48531850,,
7006,1,7006,,12210153,,7010,7010,,9990800,,
7010,2,7010,,12210153,12230941,7019,7019,,9256775,,
7019,1,7019,,12210153,,100003,100003,,46331525,,
7021,1,7021,,30011342,,6695,6695,,5199950,,
7029,1,7029,,20012080,,7034,7034,,60614000,,
7034,1,7034,,20012080,,7039,7039,,32895425,,
7039,1,7039,,20012080,,19617,19617,,17887200,,
7054,1,7054,,10011290,,7059,7059,,39026100,,
7059,2,7059,,10011290,10030841,100068,100068,,17330075,,
7082,1,7082,,15010205,,7088,7088,,59512675,,
7088,1,7088,,15010205,,8750,8750,,32987525,,
7091,1,7091,,41010935,,7092,7092,,44306025,,
7092,1,7092,,41010935,,7098,7098,,42790850,,
7098,1,7098,,41010935,,7100,7100,,11045250,,
7100,1,7100,,41010935,,6421,6421,,18176700,,
7103,1,7103,,12211211,,1113,1113,,36745450,,
7161,1,7161,,42010001,,7165,7165,,56958500,,
8361,2,8361,,10010254,10030040,3960,3960,,24632525,,
8374,1,8374,,17010864,,8384,8384,,77488600,,
8384,1,8384,,17010864,,8394,8394,,58362250,,
8394,1,8394,,17010864,,2081,2081,,40133425,,
8447,1,8447,,13011036,,8451,8451,,67460850,,
8451,1,8451,,13011036,,1330,1330,,28786225,,
8476,1,8476,,11010140,,8481,8481,,119537175,,
8481,1,8481,,11010140,,8482,8482,,7235300,,
7165,1,7165,,42010001,,7173,7173,,1079100,,
7173,1,7173,,42010001,,7182,7182,,56676125,,
7182,1,7182,,42010001,,7190,7190,,45452550,,
7190,1,7190,,42010001,,7193,7193,,62073525,,
7193,1,7193,,42010001,,7209,7209,,45040422.227246895,,
7209,1,7209,,42010001,,7220,7220,,36823116.45665233,1244939938.3504822,
7220,1,7220,,42010001,,1000017,1000017,,38065895.31849545,450222405.2492386,
7250,2,7250,,10010265,10040071,10468,10468,,27002306.914412774,5312388.597384022,
7259,1,7259,,12010001,,7260,7260,,93351506.18357389,52263566.69875193,10663461374.623459
7260,1,7260,,12010001,,7268,7268,,49006225,,
7268,1,7268,,12010001,,7270,7270,,63954400,,
7270,1,7270,,12010001,,7274,7274,,22747200,,
7274,1,7274,,12010001,,7276,7276,,44969575,,
7276,1,7276,,12010001,,7279,7279,,42062125,,
7279,1,7279,,12010001,,7280,7280,,39537725,,
8750,1,8750,,15010190,,8752,8752,,86375,,
8752,2,8752,,15010190,15040125,8755,8755,,50599125,,
8755,1,8755,,15010190,,8759,8759,,51191675,,
8759,1,8759,,15010190,,8764,8764,,61263525,,
8764,1,8764,,15010190,,16588,16588,,37846050,,
8778,1,8778,,41010150,,1890,1890,,32593000,,
8800,1,8800,,15010450,,8807,8807,,70018500,,
8807,1,8807,,15010450,,8811,8811,,74049950,,
7280,1,7280,,12010001,,7285,7285,,918375,,
7285,1,7285,,12010001,,7286,7286,,63426725,,
7286,1,7286,,12010001,,7289,7289,,27947875,,
7289,1,7289,,12010001,,7296,7296,,59502100,,
7296,1,7296,,12010001,,7301,7301,,29684775,,
7301,1,7301,,12010001,,7304,7304,,39975625,,
7304,1,7304,,12010001,,7310,7310,,43951625,,
7310,1,7310,,12010001,,7312,7312,,47558750,,
7312,1,7312,,12010001,,7322,7322,,16384525,,
7322,1,7322,,12010001,,7328,7328,,66462200,,
7328,1,7328,,12010001,,7329,7329,,52859225,,
7329,1,7329,,12010001,,7334,7334,,28030475,,
7334,1,7334,,12010001,,7342,7342,,32765800,,
7342,1,7342,,12010001,,7346,7346,,73099875,,
7346,1,7346,,12010001,,7349,7349,,37610350,,
8811,1,8811,,15010450,,8814,8814,,20814075,,
8814,1,8814,,15010450,,16627,16627,,9105075,,
8841,1,8841,,12010370,,7280,7280,,28818250,,
8862,1,8862,,17010170,,8207,8207,,40700975,,
8874,1,8874,,41010294,,1721,1721,,34476125,,
8881,1,8881,,10012610,,1000201,1000201,,44954000,61848.969656531786,
8883,1,8883,,12010444,,4848,4848,,42950600,,
8920,1,8920,,12210765,,1017,1017,,61370325,,
8939,1,8939,,40010250,,8947,8947,,48904175,,
8947,1,8947,,40010250,,1000025,1000025,,36566475,,
8952,1,8952,,12210544,,5280,5280,,21904775,,
8989,1,8989,,17010390,,8225,8225,,50640700,,
8999,1,8999,,16010777,,19416,19416,,54800600,,
9039,1,9039,,20020001,,1000098,1000098,,60457830.332507774,,
7349,1,7349,,12010001,,7355,7350,,2190550,,
7355,1,7355,,12010001,,7363,7363,,88516425,,
7363,1,7363,,12010001,,7369,7369,,65480625,,
7369,1,7369,,12010001,,7373,7373,,53978450,,
7373,1,7373,,12010001,,13860,13857,,49526375,,
7383,1,7383,,12210321,,7387,7387,,44995975,,
7387,1,7387,,12210321,,12409,12409,,17421300,,
7460,1,7460,,30011040,,7465,7465,,55014750,,
7465,1,7465,,30011040,,20016,20016,,40166200,,
7466,1,7466,,14010163,,2196,2196,,10378075,,
7478,1,7478,,12210757,,1007,1007,,46781625,,
7494,1,7494,,20010460,,21172,21172,,60483400,,
7515,1,7515,,10010896,,8056,8056,,40762450,,
7523,1,7523,,12010346,,2680,2680,,33814375,,
9073,1,9073,,10011413,,18350,18350,,40605100,,
9087,1,9087,,12211226,,9088,9088,,66791125,,
7533,1,7533,,50010140,,1000061,1000061,,4837675,,
7542,1,7542,,41010951,,10838,10838,,9449575,,
7564,1,7564,,40010336,,18550,18550,,37444900,,
7588,1,7588,,15010684,,7589,7589,,70845825,,
9088,1,9088,,12211226,,1119,1119,,4903725,,
9108,1,9108,,30010844,,9110,9110,,49848150,,
9110,1,9110,,30010844,,20973,20973,,7730225,,
9113,1,9113,,50010012,,716,716,,7055200,,
9151,1,9151,,16010907,,5296,5296,,54630650,,
9180,2,9180,,12210147,12230017,11455,4973,,3630025,,
9222,1,9222,,12211021,,9227,9227,,39812800,,
9227,2,9227,,12211021,12242014,9228,9228,,7593050,,
9228,1,9228,,12211021,,3011,9230,,6736800,,
9295,1,9295,,11010225,,21498,21498,,59953600,,
7589,1,7589,,15010684,,7590,7590,,522300,,
7590,2,7590,,15010684,15050192,7592,7592,,6340725,,
7592,1,7592,,15010684,,19669,19669,,2605950,,
7648,1,7648,,40010114,,1000006,1000006,,55527625,,
7657,1,7657,,13010530,,7664,7664,,76764500,,
7664,1,7664,,13010530,,7669,7669,,73720150,,
7669,1,7669,,13010530,,16122,16122,,32780025,,
7679,1,7679,,17011097,,19541,19541,,37819850,,
7716,1,7716,,15010614,,19169,19169,,41469525,,
7725,1,7725,,13010740,,7728,7728,,45151975,,
7728,1,7728,,13010740,,7732,7732,,4331700,,
7732,1,7732,,13010740,,16142,16142,,22215525,,
7751,1,7751,,12210372,,12359,12359,,7495925,,
7775,1,7775,,12110049,,3834,3834,,72742550,,
7784,1,7784,,11010390,,19771,19771,,38227050,,
7805,1,7805,,30011325,,18953,18953,,5765500,,
7870,1,7870,,10010281,,1221,1221,,19141657.58497409,92699.5119244572,
7900,1,7900,,13010430,,16115,16115,,39915075,,
7907,1,7907,,12110225,,7910,7910,,41474550,,
8012,2,8012,,12110270,12140445,8013,8013,,1848775,,
8013,2,8013,,12110270,12140445,8021,8014,,99025,,
8021,1,8021,,12110270,,15476,15476,,62036450,,
8035,1,8035,,10010860,,8038,8038,,58427150,,
8038,1,8038,,10010860,,8043,8043,,21227825,,
8043,1,8043,,10010860,,8045,8045,,42680550,,
8045,1,8045,,10010860,,8048,8048,,18560725,,
8048,2,8048,,10010860,10050150,8050,8050,,19035900,,
8050,1,8050,,10010860,,8051,8051,,7623675,,
8051,1,8051,,10010860,,8056,8056,,14117325,,
8056,1,8056,,10010860,,8061,8061,,63491150,,
8063,1,8063,,10010860,,13804,13804,,363750,,
8081,1,8081,,30010070,,8083,8083,,52515675,,
8083,1,8083,,30010070,,20086,20086,,28248500,,
8095,1,8095,,12211170,,20672,20672,,59435100,,
8137,1,8137,,12210810,,20648,20648,,38254050,,
8155,1,8155,,13010955,,8161,8161,,46798650,,
8161,1,8161,,13010955,,17842,17842,,36367825,,
8163,2,8163,,10010286,10050030,3188,3188,,46433175,,
8178,1,8178,,17010001,,8181,8181,,69124175,,
8181,1,8181,,17010001,,8187,8187,,25583700,,
8187,1,8187,,17010001,,8197,8197,,17872325,,
8197,1,8197,,17010001,,8199,8199,,64516350,,
9297,1,9297,,12110003,,9298,9298,,5497475,,
9298,2,9298,,12110003,12130001,9299,9299,,5892000,,
9299,2,9299,,12110003,12130001,9300,9300,,4189900,,
9520,1,9520,,10011510,,9526,9526,,518400,,
9526,1,9526,,10011510,,9533,9533,,57452775,,
8199,1,8199,,17010001,,8207,8207,,3589000,,
8207,1,8207,,17010001,,8211,8211,,57878325,,
8211,1,8211,,17010001,,8224,8224,,33419775,,
8224,1,8224,,17010001,,8225,8225,,68722775,,
8225,1,8225,,17010001,,8228,8228,,7872400,,
8228,1,8228,,17010001,,8238,8238,,13852050,,
8482,1,8482,,11010140,,19744,19744,,747450,,
8502,1,8502,,12110420,,15492,8508,,71962225,,
8532,2,8532,,12210117,12230017,8533,8533,,23945425,,
8533,2,8533,,12210117,12230017,11455,11455,,10202050,,
8568,1,8568,,11010431,,8569,8569,,23977950,,
8569,2,8569,,11010431,11040126,8570,8570,,12167550,,
8570,1,8570,,11010431,,20224,20224,,13818350,,
8607,1,8607,,10011074,,2658,2658,,41732825,,
8669,2,8669,,15010176,15050090,12111,12109,,6993450,,
8673,1,8673,,41010526,,19237,19237,,37811525,,
8680,1,8680,,10010390,,8683,8683,,48693595.54614064,13866113.235360805,
8683,1,8683,,10010390,,13736,13736,,35379828.974687,,
8707,1,8707,,13010770,,8709,8709,,31197350,,
8709,1,8709,,13010770,,8718,8718,,30827000,,
8718,1,8718,,13010770,,8721,8721,,50514700,,
8721,1,8721,,13010770,,8723,8722,,43797875,,
8723,2,8723,,13010770,13050171,8727,8727,,323650,,
8727,2,8727,,13010770,13050171,8731,8728,,46026925,,
8731,2,8731,,13010770,13050172,8732,8732,,70852425,,
8732,1,8732,,13010770,,16146,16146,,9391050,,
8742,1,8742,,15010190,,8747,8747,,30164800,,
8747,2,8747,,15010190,15040124,8748,8748,,55586450,,
8748,1,8748,,15010190,,8750,8750,,6771350,,
9533,1,9533,,10011510,,13855,13852,,34735275,,
9561,1,9561,,50010253,,21077,21077,,52800861.4510886,20306109.3680972,
9300,2,9300,,12110003,12130001,9301,9301,,2092750,,
9301,2,9301,,12110003,12130001,15454,15454,,16469925,,
9331,1,9331,,30011236,,9337,9337,,67835500,,
9337,1,9337,,30011236,,9342,9342,,61335475,,
9342,1,9342,,30011236,,21427,21427,,34731025,,
9369,1,9369,,10011500,,13851,13851,,35762225,,
9371,1,9371,,12210215,,20322,20322,,20080900,,
9581,1,9581,,12210620,,20627,20627,,39734900,,
9637,1,9637,,42010470,,7220,7220,,5858575,,
9641,1,9641,,13010030,,9642,9642,,19098875,,
9375,1,9375,,12011130,,7369,7369,,1423100,,
9418,1,9418,,42010110,,9419,9419,,68230775,,
9519,1,9519,,10011510,,9520,9520,,331925,,
10247,1,10247,,41010859,,10249,10249,,14120500,,
10249,2,10249,,41010859,41050100,6405,6405,,13263375,,
10260,1,10260,,17010249,,15267,15267,,43334575,,
10327,1,10327,,30010210,,20077,20077,,77622425,,
10329,1,10329,,12210951,,10335,10335,,62556775,,
10335,1,10335,,12210951,,6757,6757,,27707825,,
9419,1,9419,,42010110,,7182,7182,,2404875,,
9434,1,9434,,15010270,,16604,16604,,30858050,,
9489,1,9489,,11010631,,2917,2917,,38377900,,
9506,1,9506,,10011510,,9510,9510,,72255550,,
9510,1,9510,,10011510,,9514,9514,,48263600,,
9514,1,9514,,10011510,,9517,9516,,44731450,,
9517,2,9517,,10011510,10050351,9519,9519,,11169725,,
10353,1,10353,,10012181,,10360,10360,,68629600,,
10360,1,10360,,10012181,,12986,12986,,58637925,,
10382,1,10382,,10010550,,13755,13755,,59677275,,
10422,1,10422,,41011330,,1959,1959,,62633600,,
9642,2,9642,,13010030,13050005,18707,18707,,1325675,,
10461,1,10461,,10010274,,10466,10466,,12243412.953313809,,
10466,2,10466,,10010274,10040071,10467,10467,,46760975,,
10467,2,10467,,10010274,10040071,10468,10468,,5713500,,
10588,2,10588,,11010327,11050071,11649,11649,,345300,,
10600,1,10600,,30010651,,15875,10606,,12012850,,
10612,1,10612,,13010479,,5486,5486,,48864250,,
10670,1,10670,,12210472,,5655,5655,,21587625,,
10683,1,10683,,12110160,,10687,10687,,55841975,,
10687,1,10687,,12110160,,15465,15465,,34877025,,
10709,1,10709,,12211160,,20670,20670,,39788300,,
10724,1,10724,,10012560,,10732,10732,,38721325,,
10732,1,10732,,10012560,,13952,13952,,25032725,,
10791,1,10791,,20010810,,10801,10801,,71858350,,
9643,2,9643,,13010030,13050005,18707,18707,,4151100,,
9644,1,9644,,13010030,,9643,9643,,16635625,,
9648,1,9648,,13010030,,16073,16073,,36747125,,
9649,1,9649,,30010130,,20082,20082,,37652350,,
9653,1,9653,,30010130,,9649,9649,,71029575,,
9691,1,9691,,30011092,,9693,9693,,70519375,,
9693,1,9693,,30011092,,18636,18636,,21674675,,
9735,1,9735,,41010060,,1876,1876,,47143450,,
9770,1,9770,,10011762,,18445,18445,,2380400,,
9804,1,9804,,13010580,,9815,9815,,64255050,,
9815,1,9815,,13010580,,9816,9816,,86402225,,
9816,1,9816,,13010580,,16132,16132,,34040250,,
10801,1,10801,,20010810,,10806,10806,,58014985.470707916,47900533.31424063,
10806,1,10806,,20010810,,10815,10815,,6268721.001860606,2915998.3894767617,
10815,1,10815,,20010810,,1000037,1000037,,22813613.133648742,3429299.912424905,
10830,1,10830,,41010944,,10831,10831,,54775425,,
10831,1,10831,,41010944,,10838,10838,,8288025,,
10838,1,10838,,41010944,,7100,7100,,48978175,,
10847,1,10847,,10011437,,10851,10851,,69818050,,
9820,1,9820,,30010623,,3511,3508,,2375200,,
9830,1,9830,,11010555,,9834,9834,,57351100.208031416,18011873.960468538,
9834,1,9834,,11010555,,100020,100020,,7030632.030563192,13791890.053412337,
9847,1,9847,,10012484,,18842,18842,,22800250,,
9885,1,9885,,30010160,,9889,9889,,53924600,,
9889,1,9889,,30010160,,9890,9890,,38571350,,
9890,1,9890,,30010160,,20081,20081,,9889150,,
11825,1,11825,,20010630,,11828,11828,,38608200,,
11828,1,11828,,20010630,,1000042,1000042,,25890325,,
11852,1,11852,,40010269,,1000024,1000024,,65148825,,
11867,1,11867,,12211276,,1166,1166,,40268100,,
11872,1,11872,,10012626,,5750,5750,,5250625,,
11883,1,11883,,30010480,,11885,11885,,72593850,,
11885,1,11885,,30010480,,11891,11891,,6513575,,
11891,1,11891,,30010480,,20045,20045,,22804375,,
9896,1,9896,,41011164,,17683,17683,,2894775,,
9900,1,9900,,41010212,,9903,9903,,14873000,,
9903,1,9903,,41010212,,12052,12052,,214775,,
9964,1,9964,,14010090,,20456,20456,,11154150,,
9981,1,9981,,12210113,,21760,21760,,54535825,,
11899,1,11899,,13010992,,8718,8718,,4597500,,
9982,2,9982,,12210113,12250026,9983,9983,,4040075,,
9983,1,9983,,12210113,,9987,9987,,34156925,,
9987,2,9987,,12210113,12230017,11459,11459,,10538950,,
10037,1,10037,,41010923,,10040,10040,,49610950,,
10040,1,10040,,41010923,,6420,6420,,16902125,,
10064,1,10064,,17010087,,16515,16515,,8213250,,
10081,1,10081,,,,9299,10082,,40760425,,
10102,1,10102,,12211257,,19011,19011,,56456650,,
10118,2,10118,,41010610,41050001,1920,1920,,66317025,,
10181,1,10181,,12211017,,3007,3007,,33574125,,
10193,1,10193,,41010538,,19247,19247,,53528975,,
10225,1,10225,,13011260,,16167,16167,,45163225,,
10242,1,10242,,41010859,,10243,10243,,50719850,,
10243,1,10243,,41010859,,10247,10247,,30450850,,
10468,2,10468,,10010274,10040071,14716,14715,,2727850,,
10480,1,10480,,14010355,,10568,10568,,65445050,,
10493,1,10493,,10010650,,13767,13767,,77132325,,
10527,1,10527,,30010831,,15335,15335,,46101450,,
10534,1,10534,,10012410,,1000888,1000888,,9549599.42002543,,
10536,1,10536,,16010160,,10548,10548,,22871300,,
10548,1,10548,,16010160,,11102,11102,,148524025,,
10564,1,10564,,14010350,,10568,10568,,57093000,,
10568,1,10568,,14010350,,10570,10570,,9303250,,
10570,1,10570,,14010350,,21801,21801,,5339925,,
10576,1,10576,,41011029,,10581,10581,,51486250,,
10581,1,10581,,41011029,,6461,6461,,33198250,,
10587,1,10587,,11010327,,10588,10588,,58775975,,
11906,1,11906,,12110370,,15489,15489,,42859900,15066750.114691043,
11931,1,11931,,12110290,,15482,15482,,15381425,,
11943,1,11943,,42010653,,21113,21113,,68377650,,
12052,1,12052,,41010210,,12055,12055,,4655150,,
12055,1,12055,,41010210,,12061,12061,,64086000,,
12061,1,12061,,41010210,,12064,12064,,19761250,,
12064,1,12064,,41010210,,1896,1896,,16046500,,
12077,1,12077,,40010056,,13111,13111,,5981875,,
12106,1,12106,,15010170,,12108,12108,,60676475,,
10851,2,10851,,10011437,10050001,13843,13843,,1937025,,
10900,1,10900,,12210650,,20629,10903,,24248900,,
10913,1,10913,,12210324,,7387,7387,,4198625,,
10953,1,10953,,16010737,,19456,19456,,45209600,,
10965,1,10965,,15010378,,21061,21061,,49360750,,
10974,1,10974,,41010519,,19231,10975,,39738050,,
15875,2,15875,,30010628,30050140,3513,3513,,685550,,
15896,1,15896,,10012643,,15909,15909,,55487500,,
15909,1,15909,,10012643,,5763,5763,,73892450,,
10993,1,10993,,50010285,,1000100,1000100,,6770562.880621226,9829731.102811046,
15917,1,15917,,50010410,,15919,15919,,26987875,,
10996,1,10996,,50010284,,1000100,100014,,5952275,,
11008,1,11008,,12110042,,11011,11011,,28502550,,
11011,2,11011,,12110042,12130001,9301,9301,,94525,,
11019,1,11019,,41011134,,19036,19036,,38494975,,
11037,1,11037,,20010145,,21337,21337,,46861350,,
11050,1,11050,,17010150,,11060,11060,,65797425,,
11060,1,11060,,17010150,,8199,8199,,31831850,,
11079,1,11079,,16010001,,11084,11084,,59058100,,
11084,1,11084,,16010001,,11086,11086,,43475950,,
11086,1,11086,,16010001,,11095,11095,,23608950,,
11095,1,11095,,16010001,,11102,11102,,74975025,,
11102,1,11102,,16010001,,11105,11105,,56887975,,
11105,1,11105,,16010001,,11114,11114,,55035775,,
11114,1,11114,,16010001,,11119,11119,,68694925,,
11119,1,11119,,16010001,,11126,11126,,63198850,,
11126,2,11126,,16010001,16050001,11130,11130,,58843675,,
11130,1,11130,,16010001,,11138,11138,,33162425,,
11138,1,11138,,16010001,,11145,11145,,46825775,,
11145,1,11145,,16010001,,11150,11149,,26060700,,
16083,1,16083,,13010001,,16084,16084,,81097825,,
11150,1,11150,,16010001,,11159,11159,,2333450,,
11159,1,11159,,16010001,,11166,11166,,78066550,,
11166,1,11166,,16010001,,11173,11173,,102164125,,
11173,1,11173,,16010001,,13939,13939,,45639274.083110675,,
11176,1,11176,,15010673,,19648,19648,,8486300,,
11197,1,11197,,12210430,,11201,11201,,45660375,,
11201,1,11201,,12210430,,20607,20607,,43950900,,
11213,1,11213,,10012636,,5756,5756,,1556175,,
11347,1,11347,,30011090,,11354,11354,,8568425,,
11354,1,11354,,30011090,,11363,11363,,64391325,,
11363,1,11363,,30011090,,20103,20103,,55008150,,
11422,1,11422,,30011355,,13991,13991,,14167025,,
11450,1,11450,,12210145,,11455,11453,,7104200,,
11455,2,11455,,12210145,12230017,11459,11459,,39677650,,
11459,2,11459,,12210145,12230017,20568,20568,,21065125,,
11505,1,11505,,14010380,,20493,20493,,42585550,,
11524,1,11524,,,,1000777,1000777,,2599.094073828742,,
11565,1,11565,,12010429,,11566,11566,,79614350,,
11566,1,11566,,12010429,,11571,11571,,31977775,,
11571,1,11571,,12010429,,4836,4836,,26253175,,
11580,1,11580,,14010480,,11588,11588,,39585850,,
11588,1,11588,,14010480,,21700,21700,,28752825,,
11593,1,11593,,12011146,,13497,13497,,9814800,,
11639,1,11639,,11010320,,11644,11644,,44493009.89479105,6701484.66264734,
11644,1,11644,,11010320,,11646,11646,,42006304.05439938,19129011.25186017,
11646,2,11646,,11010320,11050071,11649,11649,,12901550,,
11649,2,11649,,11010320,11050071,11650,11650,,62464975,,
11650,1,11650,,11010320,,11656,11654,,20321650,,
11656,2,11656,,11010320,11050072,11660,11660,,11642675,,
11660,1,11660,,11010320,,19761,19761,,38474925,,
11665,2,11665,,12110211,12130250,21797,15409,,12500200,,
11671,1,11671,,40010128,,1000002,1000002,,41069550,,
11712,1,11712,,12010383,,6134,6134,,6771575,,
11726,2,11726,,12210923,12231840,6730,6730,,72323500,,
11735,1,11735,,30011196,,2992,11736,,13043166.326076485,,
11743,1,11743,,12110002,,9300,11747,,45094150,,
11780,1,11780,,41011147,,19049,19049,,9052200,,
11814,1,11814,,13010217,,12851,12851,,66072000,,
12108,2,12108,,15010170,15050090,12111,12109,,1510625,,
12111,1,12111,,15010170,,16587,16587,,11527500,,
12127,1,12127,,30010360,,20061,20061,,5686100,,
12193,1,12193,,42010572,,12196,12196,,43154150,,
12196,1,12196,,42010572,,12199,12199,,20840275,,
16141,1,16141,,13010001,,16142,16142,,226175,,
16142,1,16142,,13010001,,16146,16146,,6229975,,
16146,1,16146,,13010001,,16149,16149,,46974925,,
16149,1,16149,,13010001,,16150,16150,,37653500,,
16150,1,16150,,13010001,,16154,16154,,9895850,,
16154,1,16154,,13010001,,16155,16155,,8415950,,
12199,2,12199,,42010572,42040061,21129,21129,,3525025,,
12215,1,12215,,12010310,,12217,12217,,59474175,,
12217,1,12217,,12010310,,7274,7274,,9793450,,
16181,1,16181,,41010231,,12061,12061,,2902175,,
16183,1,16183,,12110018,,16184,16184,,43541025,,
12252,2,12252,,30010752,30040060,4411,4411,,483550,,
12254,1,12254,,30010752,,12252,12252,,10878050,,
12256,1,12256,,30010752,,12254,12254,,8250275,,
12257,1,12257,,11010434,,20227,20227,,55253425,,
12284,1,12284,,41010539,,12293,12293,,65445850,,
12293,1,12293,,41010539,,12297,12295,,25647525,,
12297,2,12297,,41010539,41050081,12298,12298,,23321700,,
12298,1,12298,,41010539,,12301,12301,,4873250,,
12301,1,12301,,41010539,,19249,19249,,24673500,,
12342,1,12342,,13010946,,12345,12345,,68905950,,
12345,1,12345,,13010946,,12346,12346,,9260300,,
16610,2,16610,,15010001,15050005,16612,16612,,16943450,,
16612,1,16612,,15010001,,16615,16615,,12144875,,
16615,1,16615,,15010001,,16618,16618,,18245675,,
19611,1,19611,,20012010,,21481,21481,,425275,,
19612,1,19612,,20012010,,-1,-1,36,11216514.173030615,,
19614,1,19614,,20012010,,19612,19612,,4307425,,
12346,2,12346,,13010946,13050221,17839,17839,,1695025,,
12356,1,12356,,12210370,,12359,12359,,52088075,,
12359,1,12359,,12210370,,20606,20606,,10911150,,
12375,1,12375,,10010887,,12378,12376,,1106500,,
12378,2,12378,,10010887,10040572,12380,12380,,12094575,,
12380,1,12380,,10010887,,2690,2690,,32170875,,
12382,1,12382,,12110043,,11008,11008,,51041275,,
12368,1,12368,,12010314,,12217,12217,,2874375,,
12371,1,12371,,10010887,,12374,12373,,8721050,,
12408,1,12408,,12210310,,12401,12401,,57250,,
17080,1,17080,,10011630,,13860,13860,,19376400,,
17093,1,17093,,50010274,,100013,100013,,68460950,,
17148,1,17148,,30011336,,6688,6688,,4540100,,
19750,1,19750,,11010001,,19753,19753,,28757850,,
12374,2,12374,,10010887,10040573,12375,12375,,2628700,,
12712,1,12712,,41010360,,12717,12717,,47207775,,
12717,1,12717,,41010360,,1909,1909,,37251800,,
12723,1,12723,,12010438,,11571,11571,,45159675,1495851.3016687185,
12757,1,12757,,15010134,,16282,16282,,41115443.41122592,18157967.525798198,
12766,1,12766,,41010040,,1875,1875,,6728175,,
12796,1,12796,,12210944,,12804,12801,,7302825,,
12804,1,12804,,12210944,,6753,6753,,19790750,,
12837,1,12837,,13010210,,12843,12843,,107572150,,
12843,1,12843,,13010210,,12851,12851,,30621275,,
12851,1,12851,,13010210,,12853,12853,,61325500,,
12384,1,12384,,30010489,,838,838,,2856450,,
12398,1,12398,,12210310,,20599,20599,,31344925,,
12401,1,12401,,12210310,,12398,12398,,76260425,,
12984,1,12984,,10012120,,12986,12986,,34501750,,
12986,1,12986,,10012120,,12988,12988,,21608725,,
12409,1,12409,,12210310,,12408,12408,,903950,,
12988,2,12988,,10012120,10050492,12997,12997,,21642550,,
12997,2,12997,,10012120,10050492,12998,12998,,44888475,,
12998,1,12998,,10012120,,13001,13001,,11502525,,
13001,1,13001,,10012120,,13919,13919,,64025,,
13007,1,13007,,40010194,,1000022,1000022,,51113125,,
13031,1,13031,,10010680,,13033,13033,,61553150,,
13033,1,13033,,10010680,,13775,13775,,24593900,,
13047,1,13047,,13010360,,13053,13053,,51881450,,
13053,1,13053,,13010360,,13062,13062,,38464650,,
13062,1,13062,,13010360,,13065,13065,,14251000,,
13065,1,13065,,13010360,,16112,16112,,7698275,,
13105,1,13105,,40010046,,13108,13108,,55818250,,
13108,1,13108,,40010046,,13111,13111,,35407850,,
13111,1,13111,,40010046,,13114,13114,,9618800,,
13114,1,13114,,40010046,,13116,13116,,9378525,,
13116,2,13116,,40010046,40050020,1000005,1000005,,7904425,,
13170,1,13170,,30010090,,13176,13176,,39652025,,
13176,1,13176,,30010090,,20083,20083,,23581825,,
13200,1,13200,,15010500,,16632,16632,,42257025,,
13236,1,13236,,41010972,,6437,6437,,43284775,,
13247,1,13247,,16010547,,6856,6856,,39174150,,
13268,1,13268,,16010665,,2724,2720,,49238125,,
13272,1,13272,,12210474,,13278,13278,,43299525,,
12410,1,12410,,12210310,,12409,12409,,1986075,,
12414,1,12414,,12210220,,20592,20592,,72657475,,
12446,1,12446,,41011240,,12452,12452,,64527675,,
12452,1,12452,,41011240,,12459,12459,,38777350,,
12459,1,12459,,41011240,,12462,12462,,20176850,,
12462,1,12462,,41011240,,12469,12469,,34751750,,
12469,1,12469,,41011240,,12470,12470,,38692950,,
12470,1,12470,,41011240,,1954,1954,,23000,,
12494,1,12494,,12211180,,21800,21800,,55017825,,
12513,1,12513,,12010870,,12522,12522,,60727700,,
12522,1,12522,,12010870,,7342,7342,,58012500,,
12541,1,12541,,20010580,,12544,12544,,40130275,,
12544,1,12544,,20010580,,21191,21191,,9969475,,
12676,1,12676,,12010514,,12687,12687,,58206975,,
12687,1,12687,,12010514,,20871,20871,,44804375,,
12853,2,12853,,13010210,13050001,16090,16090,,1882725,,
12869,1,12869,,20010633,,11828,11828,,33256700,,
12896,1,12896,,15010679,,19667,19667,,61365450,,
13278,1,13278,,12210474,,5663,5663,,102025,,
13308,1,13308,,17010426,,13320,13320,,49906150,,
13320,1,13320,,17010426,,16331,16331,,35949525,,
12898,1,12898,,15010834,,19337,19337,,2259275,,
12941,1,12941,,10011890,,13889,13889,,68077075,,
12952,1,12952,,10012120,,12956,12956,,48192275,,
12956,1,12956,,10012120,,12958,12958,,5618550,,
13855,1,13855,,10010001,,13860,13857,,20629975,,
13860,1,13860,,10010001,,13865,13865,,43733625,,
13865,1,13865,,10010001,,13869,13869,,16181250,,
13869,1,13869,,10010001,,13874,13874,,52160775,,
13874,1,13874,,10010001,,13880,13880,,44768350,,
13880,1,13880,,10010001,,13884,13884,,59891875,,
13884,1,13884,,10010001,,13887,13887,,47401700,,
13887,1,13887,,10010001,,13889,13889,,21020925,,
13889,1,13889,,10010001,,13895,13895,,11675325,,
13895,1,13895,,10010001,,13902,13902,,76132175,,
12958,1,12958,,10012120,,12963,12963,,2471425,,
12963,2,12963,,10012120,10050490,12964,12964,,46779350,,
13902,1,13902,,10010001,,13909,13909,,84638650,,
13909,1,13909,,10010001,,13913,13913,,79304375,,
13913,1,13913,,10010001,,13919,13919,,35934800,,
13919,1,13919,,10010001,,13920,13920,,37581172.63845438,4446811.700821965,
13920,1,13920,,10010001,,13928,13928,,13297768.999019347,61842184.90649167,
13928,1,13928,,10010001,,13931,13931,,28886294.89275426,621603.6967110076,
12964,1,12964,,10012120,,12972,12972,,4208950,,
12972,1,12972,,10012120,,12975,12975,,24295500,,
12975,1,12975,,10012120,,12978,12978,,11482000,,
12978,2,12978,,10012120,10050491,12984,12984,,31345975,,
13337,1,13337,,15010377,,21053,21053,,2273850,,
13380,1,13380,,17010580,,13383,13383,,64410525,,
13383,1,13383,,17010580,,8248,8248,,10882350,,
13444,1,13444,,20012127,,13453,13453,,47187125,,
13453,1,13453,,20012127,,6939,6939,,43443050,,
13485,1,13485,,12011140,,13487,13487,,30584875,,
13931,1,13931,,10010001,,13939,13939,,359147.057235075,114372.16628905848,
13939,1,13939,,10010001,,1000888,1000888,,38516360.37098845,36386464.3404107,
13487,1,13487,,12011140,,13497,13497,,1749200,,
13497,1,13497,,12011140,,7369,7369,,70017025,,
13504,1,13504,,11010521,,17633,17633,,52510150,,
13525,1,13525,,16010802,,6181,6181,,57915900,,
13556,1,13556,,16010756,,19406,19406,,50797625,,
13557,1,13557,,14010487,,11588,11588,,14922575,,
13633,1,13633,,41010444,,13637,13637,,78951775,,
13947,1,13947,,10010001,,13950,13950,,17006462.841622368,414530.9280899117,
13637,1,13637,,41010444,,17755,17755,,2279775,,
13722,1,13722,,10010001,,13729,13729,,25319192.776793703,2402096.218081468,34380625302.20334
13729,1,13729,,10010001,,13730,13730,,107097577.70092332,53996877.529386625,
13730,1,13730,,10010001,,13736,13736,,37912475,,
13736,1,13736,,10010001,,13739,13739,,82570725,,
13739,1,13739,,10010001,,13743,13743,,76117275,,
13743,1,13743,,10010001,,13745,13745,,69781875,,
13745,1,13745,,10010001,,13747,13747,,25788025,,
14690,2,14690,,12110028,12130004,14691,14691,,31650,,
13747,1,13747,,10010001,,13748,13748,,1330450,,
13748,1,13748,,10010001,,13755,13755,,24354950,,
13755,1,13755,,10010001,,13760,13760,,71498875,,
13760,1,13760,,10010001,,13765,13765,,74140075,,
13765,1,13765,,10010001,,13767,13767,,45954400,,
13767,1,13767,,10010001,,13775,13775,,47423975,,
13775,1,13775,,10010001,,13779,13779,,61586125,,
13779,1,13779,,10010001,,13786,13786,,51458650,,
13786,1,13786,,10010001,,13793,13793,,74765925,,
13793,1,13793,,10010001,,13804,13804,,74482475,,
13804,2,13804,,10010001,10050001,13810,13810,,61431500,,
13810,2,13810,,10010001,10050001,13815,13815,,58061400,,
13815,2,13815,,10010001,10050001,13821,13821,,67180050,,
13821,2,13821,,10010001,10050001,13825,13825,,83753000,,
13825,2,13825,,10010001,10050001,13832,13832,,45996400,,
13832,2,13832,,10010001,10050001,13833,13833,,43207700,,
13833,2,13833,,10010001,10050001,13838,13838,,97775,,
13838,2,13838,,10010001,10050001,13843,13843,,49332525,,
13843,2,13843,,10010001,10050001,13847,13847,,66144225,,
13847,2,13847,,10010001,10050001,13849,13849,,59628525,,
13849,1,13849,,10010001,,13851,13851,,36311325,,
13851,1,13851,,10010001,,13855,13852,,3861475,,
13950,1,13950,,10010001,,13952,13952,,4079133.339537761,317293.0917039395,
13952,1,13952,,10010001,,1000201,13958,,14501045.244483767,2841057.2352698212,
14691,2,14691,,12110028,12130004,14692,14692,,104675,,
14692,2,14692,,12110028,12130041,9297,9297,,14110450,,
14714,2,14714,,10010263,10040071,14716,14715,,9537425,,
13961,1,13961,,10010001,,13964,13964,,1474245.9391007079,,
13964,1,13964,,10010001,,1000046,1000046,,77648900,,
13981,1,13981,,30011351,,13991,13991,,62516975,,
13991,1,13991,,30011351,,18977,18977,,41222600,,
14016,1,14016,,13010190,,16089,14017,,25079950,,
14046,1,14046,,10012215,,13001,13001,,51040875,,
14093,1,14093,,10012320,,13920,13920,,67249450,,
14123,1,14123,,42010587,,14130,14130,,68896600,,
14130,1,14130,,42010587,,14136,14136,,75199575,,
14136,1,14136,,42010587,,21119,21119,,57234625,,
14157,1,14157,,11010425,,20222,20222,,51787950,,
14162,1,14162,,12110222,,15406,14167,,54227550,,
14204,1,14204,,15010413,,19463,19463,,47227125,,
14245,1,14245,,41010820,,1942,1942,,40652075,,
14276,1,14276,,13011021,,1324,1324,,42936075,,
14287,1,14287,,42010116,,9419,9419,,57108875,,
15101,1,15101,,12110011,,6980,15102,,11171075,,
15111,1,15111,,41010070,,1881,1881,,63082425,,
15137,1,15137,,12110280,,15141,15141,,52908225,,
15141,1,15141,,12110280,,15149,15149,,29911707.18673912,,
15149,1,15149,,12110280,,100031,100031,,54285745.0344701,1432697.0369908374,
15201,1,15201,,41010996,,6458,6458,,75908650,,
15226,1,15226,,12010822,,18912,4672,,8912100,,
15240,1,15240,,12210118,,15248,15248,,19530740.446463257,100237927.14487725,
15248,1,15248,,12210118,,15256,15256,,36626975,,
15256,1,15256,,12210118,,8533,15259,,77930850,,
15265,1,15265,,17010240,,15267,15267,,67080200,,
15267,1,15267,,17010240,,15274,15274,,5926000,,
15274,1,15274,,17010240,,21799,21799,,49981225,,
15281,1,15281,,17010240,,8224,8224,,40000475,,
14330,1,14330,,30011119,,11354,11354,,3319650,,
14383,1,14383,,12110320,,14389,14389,,35380100,,
14389,1,14389,,12110320,,15484,15484,,5832300,,
14395,1,14395,,41010213,,9903,9903,,31678975,,
14416,1,14416,,15010422,,14417,14417,,43697275,,
14417,1,14417,,15010422,,14418,14418,,15913475,,
14418,1,14418,,15010422,,14423,14423,,11795025,,
14423,2,14423,,15010422,15050150,14424,14424,,8047725,,
14424,1,14424,,15010422,,19471,19471,,247950,,
14433,1,14433,,12210311,,14437,14437,,34537350,,
14437,2,14437,,12210311,12250102,14439,14439,,20596350,,
14439,1,14439,,12210311,,12410,12410,,24257400,,
14460,1,14460,,15010694,,1806,1806,,39260700,,
14483,1,14483,,12110342,,14484,14484,,26164300,,
14484,2,14484,,12110342,12141212,14485,14485,,9389475,,
14485,1,14485,,12110342,,646,646,,8929450,,
14510,1,14510,,41010459,,20984,20984,,2169325,,
14519,1,14519,,12110110,,15460,15460,,61388625,,
14548,1,14548,,41011261,,12459,12459,,7079225,,
14581,1,14581,,41010887,,14587,14587,,74710275,,
14587,1,14587,,41010887,,6414,6414,,28801525,,
14604,1,14604,,17010750,,8264,8264,,71485250,,
14617,1,14617,,11010568,,14625,14625,,49374750,,
14625,1,14625,,11010568,,1576,1576,,16783275,,
14657,1,14657,,50010603,,14658,14658,,75225500,,
14658,1,14658,,50010603,,14659,14659,,16213075,,
14659,1,14659,,50010603,,14665,14665,,2637525,,
14665,1,14665,,50010603,,18131,18131,,36044225,,
14689,1,14689,,12110028,,14690,14690,,2748200,,
14716,1,14716,,10010263,,3182,3182,,3410300,,
14738,1,14738,,40010170,,1000021,1000021,,77721125,,
14821,1,14821,,10011372,,100041,14832,,68648425,,
14848,1,14848,,10010022,,19385,19385,,6973525,,
14919,1,14919,,12210774,,14921,14921,,55269550,,
14921,2,14921,,12210774,12231654,17380,17380,,29368875,,
14926,1,14926,,10012473,,20360,20360,,4766375,,
14942,1,14942,,10011399,,21558,21557,,12713850,,
14961,1,14961,,15010752,,14966,14966,,54454225,,
14966,1,14966,,15010752,,14970,14970,,46915550,,
14970,2,14970,,15010752,15050230,16533,16533,,6137300,,
14992,1,14992,,30010973,,3249,3249,,3480275,,
15023,1,15023,,10011394,,18334,18334,,59417125,,
15030,1,15030,,13010710,,15036,15036,,48868600,,
15036,1,15036,,13010710,,15040,15040,,34932275,,
15040,2,15040,,13010710,13050140,15046,15046,,40831850,,
15046,1,15046,,13010710,,16141,16141,,53034625,,
15056,1,15056,,20010585,,12544,12544,,3590550,,
15096,2,15096,,12210006,12230013,15098,15098,,47341250,,
15098,2,15098,,12210006,12230013,20537,20534,,38160200,,
15334,1,15334,,30010826,,15335,15335,,2097375,,
15335,1,15335,,30010826,,20980,20980,,9430250,,
15352,1,15352,,17010256,,15274,15274,,46969600,,
15370,1,15370,,15010586,,15373,15373,,45443525,,
15373,1,15373,,15010586,,15379,15379,,41695150,,
15379,1,15379,,15010586,,15388,15388,,64494075,,
15388,1,15388,,15010586,,21458,21458,,68772750,,
15404,2,15404,,12110219,12130189,15406,15406,,38124525,,
15406,2,15406,,12110219,12130189,15407,15407,,21505175,,
15407,2,15407,,12110219,12130250,15408,15408,,7282300,,
19886,2,19886,,12110007,12130882,19887,19887,,232200,,
15408,2,15408,,12110219,12130250,21797,15409,,2692375,,
15454,1,15454,,12110001,,15460,15460,,8253675,,
15460,1,15460,,12110001,,15465,15465,,72364475,,
15465,1,15465,,12110001,,15467,15467,,64637075,,
15467,1,15467,,12110001,,15475,15475,,24429300,,
15475,1,15475,,12110001,,15476,15476,,55896925,,
15476,1,15476,,12110001,,15482,15482,,11730525,,
15482,1,15482,,12110001,,15484,15484,,54189000,,
15484,1,15484,,12110001,,15489,15489,,8186000,,
15489,1,15489,,12110001,,15492,15492,,53787675,,
15492,1,15492,,12110001,,7268,7268,,26401375,,
15496,1,15496,,10012127,,12956,12956,,6236075,,
15563,1,15563,,13010783,,15564,15564,,51495825,,
15564,1,15564,,13010783,,8721,8721,,30347825,,
15599,2,15599,,12110111,12140251,15601,15601,,32117000,,
15601,1,15601,,12110111,,15602,15602,,21850725,,
15602,2,15602,,12110111,12140338,14519,14519,,7962100,,
15661,1,15661,,10011402,,21558,15664,,32953300,,
15680,1,15680,,13011024,,1616,1616,,51692450,,
15722,1,15722,,10012129,,12958,12958,,74146650,,
15743,1,15743,,14010234,,4521,4521,,51834275,,
15841,1,15841,,12110212,,15408,15842,,53986100,,
15863,1,15863,,30010628,,15867,15867,,47108875,,
15867,1,15867,,30010628,,15873,15873,,41805550,,
15873,1,15873,,30010628,,15875,15874,,11264950,,
15919,1,15919,,50010410,,1000060,1000060,,6244825,,
15940,1,15940,,14020001,,20451,20451,,28381775,,
15944,1,15944,,14020001,,15940,15940,,10505125,,
15945,1,15945,,14020001,,20074,20074,,30762500,,
15987,2,15987,,10011052,10030640,17438,17438,,69266275,,
16015,2,16015,,30010652,30050140,3513,3512,,12965425,,
16049,1,16049,,17010895,,8394,8394,,34595100,,
16065,1,16065,,13010001,,16073,16073,,49494775,,
16073,1,16073,,13010001,,16083,16083,,105097200,,
16084,1,16084,,13010001,,16086,16086,,1512275,,
16086,1,16086,,13010001,,16089,16088,,6089050,,
17197,1,17197,,10010877,,8045,8045,,783625,,
16089,2,16089,,13010001,13050001,16090,16090,,1302400,,
16090,2,16090,,13010001,13050001,16095,16095,,8429050,,
16095,1,16095,,13010001,,16097,16097,,74634125,,
16097,1,16097,,13010001,,16106,16106,,574650,,
16106,1,16106,,13010001,,16112,16112,,68211575,,
16112,1,16112,,13010001,,16115,16115,,54611825,,
16115,1,16115,,13010001,,16119,16119,,54780525,,
16119,1,16119,,13010001,,16122,16122,,12960225,,
16122,1,16122,,13010001,,16123,16123,,55689800,,
16123,1,16123,,13010001,,16132,16132,,18955075,,
16132,1,16132,,13010001,,16138,16138,,59412250,,
16138,1,16138,,13010001,,16139,16139,,37703550,,
16139,1,16139,,13010001,,16141,16141,,11459475,,
17223,1,17223,,16010771,,17225,17225,,37899150,,
17225,1,17225,,16010771,,19413,19413,,46446700,,
17322,1,17322,,40010010,,1000012,1000012,,47042050,,
17334,1,17334,,12011142,,13487,13487,,44853000,,
17346,1,17346,,15010454,,8807,8807,,47172425,,
16155,1,16155,,13010001,,16156,16156,,4632350,,
16156,1,16156,,13010001,,16163,16163,,4770850,,
16163,1,16163,,13010001,,16167,16167,,51638675,,
16167,1,16167,,13010001,,16174,16174,,52487175,,
16174,1,16174,,13010001,,13865,13865,,44021300,,
16184,2,16184,,12110018,12130882,19887,19887,,1217850,,
16214,1,16214,,12110012,,6980,16218,,72230375,,
16267,1,16267,,10010780,,13786,13786,,42915225,,
16275,1,16275,,15010133,,16282,16282,,34574284.2419178,10434066.494856447,
16282,1,16282,,15010133,,17980,17980,,21562025,,
16290,2,16290,,41010885,41050100,6408,6407,,16775725,,
16298,1,16298,,11010244,,21518,21518,,34903825,,
16320,1,16320,,17010410,,16322,16322,,62685625,,
16322,1,16322,,17010410,,16326,16326,,62071300,,
16326,1,16326,,17010410,,16331,16331,,43672500,,
16331,1,16331,,17010410,,8228,8228,,14124000,,
16408,2,16408,,12110327,12130039,16410,16410,,76277575,,
16410,2,16410,,12110327,12130039,16414,16414,,26477000,,
16414,2,16414,,12110327,12130039,14383,14383,,31074050,,
16432,1,16432,,40010264,,1000025,1000025,,40189475,,
16511,1,16511,,17010080,,16515,16515,,49560200,,
16515,1,16515,,17010080,,8197,8197,,43920700,,
16523,1,16523,,15010750,,16528,16528,,50183175,,
16528,1,16528,,15010750,,16531,16531,,21818250,,
17480,1,17480,,10011050,,13815,100083,,33245800,,
17494,1,17494,,12210316,,17497,17497,,6816150,,
17497,1,17497,,12210316,,12410,12410,,15997875,,
17517,1,17517,,50010150,,1000061,1000061,,27972387.142921917,7325887.215368173,
17621,1,17621,,13010748,,7732,7732,,69584250,,
16531,2,16531,,15010750,15050230,16533,16533,,3362825,,
16533,1,16533,,15010750,,16542,16542,,10928900,,
16542,1,16542,,15010750,,-1,-1,1,46762524.97557583,,
16558,1,16558,,10011565,,9533,9533,,49569550,,
16567,1,16567,,15010001,,16570,16570,,80534875,,
16570,1,16570,,15010001,,16572,16572,,27611475,,
16572,1,16572,,15010001,,16581,16575,,32416375,,
16581,1,16581,,15010001,,16587,16586,,68560000,,
16563,1,16563,,15010001,,16567,16567,,34269445.49482237,310660985.5658894,
17627,1,17627,,11010520,,17633,17633,,62665050,,
17633,1,17633,,11010520,,19783,19783,,29732800,,
17675,1,17675,,41011155,,17683,17683,,77756775,,
17683,1,17683,,41011155,,19064,19064,,29565075,,
17725,1,17725,,15010290,,17726,17726,,54145600,,
17726,1,17726,,15010290,,17728,17728,,45801775,,
16587,1,16587,,15010001,,16588,16588,,4090150,,
17823,1,17823,,13010940,,17828,17828,,52017150,,
17828,1,17828,,13010940,,17834,17834,,49128025,,
17834,1,17834,,13010940,,17837,17837,,30361575,,
16588,1,16588,,15010001,,16590,16590,,3251100,,
16590,2,16590,,15010001,15050003,16600,16600,,10369875,,
16600,1,16600,,15010001,,16604,16604,,59321200,,
16604,1,16604,,15010001,,16607,16607,,29393400,,
17840,1,17840,,13010940,,17842,17841,,216175,,
17842,1,17842,,13010940,,16150,16150,,3168725,,
17852,1,17852,,13010690,,16139,16139,,38604725,,
17892,2,17892,,12110113,12140251,15599,15599,,56463350,,
16607,2,16607,,15010001,15050005,16610,16610,,3306950,,
16618,1,16618,,15010001,,16622,16622,,1674675,,
16622,1,16622,,15010001,,16624,16624,,6578650,,
16624,1,16624,,15010001,,16627,16627,,39773875,,
16627,1,16627,,15010001,,16632,16632,,36144375,,
16632,1,16632,,15010001,,16638,16638,,24390600,,
16638,1,16638,,15010001,,16642,16642,,90312725,,
16642,1,16642,,15010001,,16643,16643,,36230949.24979445,,
16643,1,16643,,15010001,,16650,16650,,19390050.051405575,13580093.709761366,
18325,1,18325,,10011370,,18330,18326,,38096350,,
18330,2,18330,,10011370,10050291,18331,18331,,72147925,,
18331,2,18331,,10011370,10050291,18333,18333,,23814600,,
18333,1,18333,,10011370,,18334,18334,,15711150,,
19887,2,19887,,12110007,12130882,19888,19888,,360625,,
16650,1,16650,,15010001,,16655,16655,,2762790.5643386086,19584448.84981376,
16655,1,16655,,15010001,,16659,16659,,11296477.635004675,99989561.73279758,
16659,1,16659,,15010001,,-1,-1,1,30496692.973124467,31333689.519495606,
16679,1,16679,,41010437,,17747,17747,,2475700,,
16694,1,16694,,50010080,,16699,16699,,62928000,,
16699,1,16699,,50010080,,20962,20962,,35815025,,
16714,1,16714,,20010540,,16717,16717,,35688800,,
16717,2,16717,,20010540,20050011,21183,21183,,354225,,
16740,1,16740,,13011150,,16743,16743,,54699250,,
16743,1,16743,,13011150,,16155,16155,,19995325,,
16797,1,16797,,30010756,,16800,16800,,33462775,,
16800,2,16800,,30010756,30030063,12256,12256,,46358025,,
16848,1,16848,,41010531,,19245,19245,,37415175,,
16886,1,16886,,10012148,,12972,12972,,58013800,,
16939,1,16939,,12110117,,16943,16943,,61089025,,
16943,2,16943,,12110117,12130252,17892,17892,,65376200,,
16982,1,16982,,16010789,,68,68,,38378300,,
16995,1,16995,,10012360,,13931,13931,,8178775,,
17037,1,17037,,10011549,,9526,9526,,51184050,,
17062,1,17062,,12110331,,1175,1175,,40654425,,
17363,1,17363,,40010346,,1000032,1000032,,2869200,,
17380,1,17380,,12210773,,1026,1026,,29216800,,
17393,1,17393,,10011061,,17463,17463,,58376050,,
17410,1,17410,,50010437,,17424,17424,,86924204.41995236,15255628.223363662,
17424,1,17424,,50010437,,15919,15919,,54506500,,
17432,1,17432,,12210040,,20556,20556,,48395275,,
17438,1,17438,,10011050,,17450,17450,,11856475,,
17450,2,17450,,10011050,10050212,17455,17455,,66690825,,
17455,1,17455,,10011050,,17463,17463,,56161475,,
17463,1,17463,,10011050,,17466,17466,,68461825,,
17466,1,17466,,10011050,,17468,17468,,48025425,,
17468,1,17468,,10011050,,17474,17474,,3525450,,
17474,1,17474,,10011050,,17480,17480,,74886075,,
17728,2,17728,,15010290,15050005,16610,16610,,937750,,
17734,1,17734,,41010430,,17747,17747,,77755025,,
17747,1,17747,,41010430,,17755,17755,,54544650,,
17755,1,17755,,41010430,,1913,1913,,44794150,,
17776,1,17776,,17010825,,17777,17777,,20808550,,
17777,1,17777,,17010825,,2072,2072,,1123925,,
17797,1,17797,,10010530,,17804,17804,,71200200,,
17804,1,17804,,10010530,,13748,13748,,55417850,,
17837,2,17837,,13010940,13050221,17839,17839,,4055350,,
17839,2,17839,,13010940,13050221,17840,17840,,11391375,,
19925,1,19925,,15010214,,19929,19929,,38491875,,
17918,1,17918,,15010463,,8811,8811,,2792975,,
17972,1,17972,,15010120,,17975,17975,,74535575,,
17975,1,17975,,15010120,,17978,17978,,77308075,,
17978,1,17978,,15010120,,17980,17980,,42111400,,
17980,1,17980,,15010120,,16581,17982,,6807375,,
18016,1,18016,,12210656,,472,472,,15713650,,
18110,1,18110,,13010391,,18121,18121,,49487400,,
18121,1,18121,,13010391,,18122,18122,,85771000,,
18122,1,18122,,13010391,,18124,18124,,10189800,,
18124,2,18124,,13010391,13050045,18127,18127,,15820600,,
18127,1,18127,,13010391,,13065,13065,,32837400,,
18131,1,18131,,50010601,,18136,18136,,9109300,,
18136,2,18136,,50010601,50030305,1000063,1000063,,9393959.464006333,155030.83825712668,
18153,1,18153,,16010080,,11095,11095,,78078350,,
18187,1,18187,,12010940,,18193,18193,,62458325,,
18193,1,18193,,12010940,,18202,18202,,59481725,,
18202,1,18202,,12010940,,7346,7346,,73915925,,
18225,1,18225,,14010130,,18232,18232,,80185950,,
18232,1,18232,,14010130,,20460,20460,,42608275,,
18254,1,18254,,20010310,,18260,18260,,59132150,,
18260,1,18260,,20010310,,1000043,1000043,,52073850,,
18308,1,18308,,10011370,,18311,18311,,30217150,,
18311,2,18311,,10011370,10050290,100041,100041,,10929725,,
18317,1,18317,,10011370,,18318,18318,,36967100,,
18318,2,18318,,10011370,10030867,18325,18325,,12254050,,
18334,1,18334,,10011370,,18342,18342,,754275,,
18342,1,18342,,10011370,,18344,18344,,44935875,,
18344,1,18344,,10011370,,18350,18350,,6838425,,
18350,1,18350,,10011370,,18351,18351,,44133125,,
18698,1,18698,,12010529,,20718,20718,,375100,,
19964,1,19964,,10012455,,19966,19966,,16913125,,
18351,1,18351,,10011370,,18355,18355,,2330600,,
18355,1,18355,,10011370,,18357,18357,,22115375,,
18707,2,18707,,12210820,13050005,18708,18708,,269050,,
18708,1,18708,,12210820,,20642,20642,,8035150,,
18357,2,18357,,10011370,10050001,13838,13838,,865525,,
18386,1,18386,,41010549,,12293,12293,,7652650,,
18398,1,18398,,12010522,,20728,20728,,44501325,,
18438,1,18438,,10011760,,18445,18445,,38773650,,
18445,1,18445,,10011760,,13880,13880,,15573500,,
18735,1,18735,,15010123,,18740,18738,,92856250,,
18740,2,18740,,15010123,15040070,17972,17972,,27449825,,
18760,1,18760,,17010640,,8256,8256,,54427900,,
18771,1,18771,,14010280,,20477,20477,,57745000,,
18786,1,18786,,16010528,,5241,5241,,38648425,,
18815,1,18815,,15010122,,18740,18823,,24299475,,
18827,1,18827,,12210211,,20581,18831,,9084400,,
18834,1,18834,,10012430,,18837,18837,,3774775,,
18837,1,18837,,10012430,,18838,18838,,8396150,,
19979,1,19979,,13010110,,16084,16084,,111387450,,
19985,1,19985,,13010110,,19979,19979,,5519675,,
20008,1,20008,,42010050,,7173,7173,,58220675,,
20016,1,20016,,30010001,,20103,20103,,29950075,,
20021,1,20021,,30010001,,20016,20016,,32853775,,
20024,1,20024,,30010001,,20021,20021,,76088225,,
20028,1,20028,,30010001,,20024,20024,,64282675,,
20034,1,20034,,30010001,,20028,20028,,42251525,,
1000201,1,1000201,,10010001,,-1,-1,201,881372.8777458832,887178.7223860855,
1000301,1,1000301,,17010001,,-1,-1,301,10624425,,
18451,1,18451,,15010330,,16615,16615,,5220725,,
18479,1,18479,,10011411,,18344,18344,,10291200,,
18498,1,18498,,11010565,,1567,1567,,37752175,,
18544,1,18544,,40010320,,18550,18550,,77452300,,
18550,1,18550,,40010320,,1000032,1000032,,68152050,,
18597,1,18597,,10012159,,18599,18599,,52514075,,
18599,1,18599,,10012159,,12975,12975,,6755200,,
18636,2,18636,,30011091,30040110,11347,11347,,56025850,,
18659,1,18659,,13010570,,16123,16123,,46311250,,
18694,1,18694,,12010529,,18698,18698,,39075000,,
18838,1,18838,,10012430,,18841,18841,,1436300,,
18918,1,18918,,12010810,,18927,18927,,62165950,,
18927,1,18927,,12010810,,7334,7334,,53745150,,
18929,1,18929,,12210947,,12804,12801,,27460025,,
18946,1,18946,,30011310,,18952,18952,,71465950,,
18952,1,18952,,30011310,,18953,18953,,53833850,,
18953,1,18953,,30011310,,18956,18956,,5320275,,
18956,1,18956,,30011310,,18960,18960,,17356325,,
18960,1,18960,,30011310,,18974,18974,,23903350,,
18974,1,18974,,30011310,,18977,18977,,32050225,,
20087,1,20087,,30010001,,20086,20086,,37815225,,
18841,1,18841,,10012430,,18842,18842,,2222225,,
18842,1,18842,,10012430,,13950,13950,,26642875,,
18847,2,18847,,13010142,13040010,19676,19676,,19193550,,
18862,1,18862,,16010516,,6832,6832,,40139575,,
18896,1,18896,,41010876,,10247,10247,,5326325,,
18899,1,18899,,12010810,,18905,18905,,82883750,,
18905,1,18905,,12010810,,18912,18912,,73355750,,
18912,1,18912,,12010810,,18913,18913,,43449200,,
18913,2,18913,,12010810,12050300,18918,18918,,6058250,,
18977,1,18977,,30011310,,18981,18981,,2555050,,
18981,2,18981,,30011310,30050282,18982,18982,,68172700,,
18982,1,18982,,30011310,,-1,-1,33,6974575,,
19008,1,19008,,12211252,,19011,19011,,60994825,,
19011,1,19011,,12211252,,1144,1144,,9663425,,
19027,1,19027,,41011120,,19032,19032,,43820300,,
19032,1,19032,,41011120,,19036,19036,,41794700,,
19036,1,19036,,41011120,,19039,19039,,74179025,,
19039,1,19039,,41011120,,19049,19049,,42462050,,
19049,1,19049,,41011120,,19055,19055,,54468775,,
19055,1,19055,,41011120,,19064,19064,,33105600,,
19064,1,19064,,41011120,,1946,1946,,65948575,,
19075,1,19075,,10011680,,13869,13869,,64960675,,
19081,1,19081,,42010639,,19085,19085,,22842050,,
19085,1,19085,,42010639,,19086,19086,,22681800,,
19247,1,19247,,41010510,,19249,19249,,3879775,,
19249,1,19249,,41010510,,1914,1914,,13586275,,
19265,1,19265,,40010181,,1000021,1000021,,79742550,,
19317,1,19317,,15010720,,19321,19321,,89761025,,
19321,1,19321,,15010720,,19337,19337,,44311900,,
19337,1,19337,,15010720,,16659,16659,,55731550,,
19086,1,19086,,42010639,,21117,21117,,7394775,,
19105,1,19105,,30010873,,4456,4456,,61663950,,
19143,1,19143,,15010426,,14417,14417,,32442475,,
19162,1,19162,,15010612,,19169,19169,,36162625,,
19169,1,19169,,15010612,,6999,6999,,24582550,,
19222,1,19222,,41010510,,19231,19231,,65330425,,
19231,1,19231,,41010510,,19237,19234,,45435425,,
19237,1,19237,,41010510,,19245,19245,,12637625,,
19245,1,19245,,41010510,,19247,19247,,33112075,,
19406,1,19406,,16010730,,19409,19409,,2027050,,
19409,1,19409,,16010730,,19413,19413,,28209725,,
19267,1,19267,,15010030,,16567,16567,,20797854.090034798,,
19753,1,19753,,11010001,,19754,19754,,662850,,
19754,1,19754,,11010001,,19757,19757,,9624675,,
19413,1,19413,,16010730,,19416,19416,,6318450,,
19757,1,19757,,11010001,,19761,19761,,4343300,,
19761,1,19761,,11010001,,19764,19764,,50275650,,
20093,1,20093,,30010001,,20087,20087,,31464025,,
20095,1,20095,,30010001,,20093,20093,,40223475,,
1000763,1,1000763,,50010805,,-1,-1,763,43257277.883900955,13044808.443531182,
19416,1,19416,,16010730,,19420,19420,,2884375,,
19420,1,19420,,16010730,,19424,19424,,34886325,,
19424,1,19424,,16010730,,19429,19429,,18491700,,
19429,1,19429,,16010730,,19430,19430,,46515075,,
19430,1,19430,,16010730,,19436,19436,,750625,,
19436,1,19436,,16010730,,19442,19442,,59693875,,
19442,1,19442,,16010730,,19444,19444,,71014000,,
19444,1,19444,,16010730,,11150,11150,,36988100,,
19454,1,19454,,16010730,,19456,19456,,63117825,,
19456,1,19456,,16010730,,19403,19403,,8878475,,
19465,2,19465,,15010410,15050150,19466,19466,,6134475,,
19466,1,19466,,15010410,,19471,19471,,2384300,,
19471,1,19471,,15010410,,19472,19472,,43062875,,
19771,1,19771,,11010001,,19772,19772,,51246750,,
19772,1,19772,,11010001,,19778,19778,,6888525,,
19778,1,19778,,11010001,,19780,19780,,80388525,,
19780,1,19780,,11010001,,19783,19783,,40073675,,
19783,1,19783,,11010001,,19786,19786,,39529925,,
19786,1,19786,,11010001,,19788,19788,,46639250,,
19788,1,19788,,11010001,,19791,19791,,7643300,,
19791,1,19791,,11010001,,13747,19795,,41294525,,
19817,1,19817,,30010380,,19822,19818,,80531875,,
19822,1,19822,,30010380,,19825,19825,,96827850,,
19825,1,19825,,30010380,,19829,19829,,30954350,,
19829,1,19829,,30010380,,20057,20057,,71093500,,
19831,1,19831,,30010380,,19817,19817,,4873525,,
19834,1,19834,,30010380,,19817,19817,,9036900,,
19839,1,19839,,11010620,,21810,21810,,139386816.83287343,2335926.2330051525,
19472,1,19472,,15010410,,16624,16624,,6376800,,
19478,1,19478,,15010410,,19463,19463,,32774325,,
19507,1,19507,,17011060,,19525,19525,,66496100,,
19525,2,19525,,17011060,17050220,19534,19534,,68605650,,
19534,1,19534,,17011060,,19541,19541,,63308975,,
19541,1,19541,,17011060,,8274,8274,,57985600,,
19583,1,19583,,40010352,,1000029,1000029,,59136250,,
19851,1,19851,,11010620,,19788,19788,,44067725,,
19884,1,19884,,12110007,,19885,19885,,28427950,,
20637,1,20637,,12210001,,20638,20638,,47629550,,
20638,1,20638,,12210001,,20640,20640,,12690175,,
19616,2,19616,,20012010,20050103,19614,19614,,4296800,,
19617,1,19617,,20012010,,19616,19616,,12527350,,
19619,1,19619,,20012010,,19617,19617,,47029025,,
19639,1,19639,,15010660,,19646,19646,,91891025,,
19646,1,19646,,15010660,,19648,19648,,59653000,,
19648,1,19648,,15010660,,19661,19661,,2440900,,
19661,1,19661,,15010660,,19667,19667,,57241025,,
19667,1,19667,,15010660,,19669,19669,,2207550,,
19669,1,19669,,15010660,,16650,16650,,5621471.958966279,,
19676,2,19676,,13010130,13050010,1404,19677,,21661350,,
19686,1,19686,,13010130,,19689,19689,,41060275,,
19689,1,19689,,13010130,,16086,16086,,15029925,,
19694,1,19694,,13011019,,1323,1323,,15599025,,
19699,1,19699,,12110322,,19703,19703,,7551000,,
19703,1,19703,,12110322,,16414,19701,,26917150,,
19707,1,19707,,12110322,,19703,19703,,4303000,,
19710,1,19710,,11010001,,19713,19713,,52679413.56458177,117695055.28750022,
19713,1,19713,,11010001,,19721,19721,,38126150.608190104,22610294.37843077,
19721,1,19721,,11010001,,19738,19738,,92238000,,
19738,1,19738,,11010001,,-1,-1,2223,84438425,,
19743,1,19743,,11010001,,19744,19744,,44315025,,
19744,1,19744,,11010001,,19748,19748,,19552225,,
19748,1,19748,,11010001,,19750,19750,,63869625,,
19764,1,19764,,11010001,,19771,19771,,3654600,,
19885,2,19885,,12110007,12130883,19886,19886,,4168350,,
19888,2,19888,,12110007,12130005,19889,19889,,2515350,,
19889,2,19889,,12110007,12130004,14691,14691,,6747350,,
19894,1,19894,,10010256,,3960,19895,,12713150,,
19896,1,19896,,10010256,,19894,19894,,5308200,,
19898,1,19898,,10010256,,19894,19894,,38405100,,
19910,1,19910,,17010838,,19912,19912,,56101550,,
19912,1,19912,,17010838,,2080,2080,,10976500,,
19923,1,19923,,15010214,,19925,19925,,61899750,,
19929,2,19929,,15010214,15040150,19930,19930,,3253875,,
19930,1,19930,,15010214,,8759,8759,,7507400,,
19945,1,19945,,15010466,,19950,19950,,74275000,,
19950,1,19950,,15010466,,8814,8814,,40156225,,
19966,1,19966,,10012455,,1833,1833,,3750575,,
19967,1,19967,,10012455,,19966,19966,,34248900,,
19973,1,19973,,13010110,,19979,19979,,5396925,,
20039,1,20039,,30010001,,20034,20034,,2430700,,
20040,1,20040,,30010001,,20039,20039,,2349625,,
20041,1,20041,,30010001,,20040,20040,,50731925,,
20045,1,20045,,30010001,,20041,20041,,65558450,,
20057,1,20057,,30010001,,20045,20045,,39268550,,
20061,1,20061,,30010001,,20057,20057,,38155150,,
20065,1,20065,,30010001,,20061,20063,,62095600,,
20070,1,20070,,30010001,,20065,20065,,74917925,,
20074,1,20074,,30010001,,20070,20070,,37482175,,
20077,1,20077,,30010001,,20074,20074,,14934675,,
20081,1,20081,,30010001,,20077,20077,,12529650,,
20082,1,20082,,30010001,,20081,20081,,1125450,,
20083,1,20083,,30010001,,20082,20082,,54112325,,
20086,1,20086,,30010001,,20083,20083,,1011100,,
20101,1,20101,,30010001,,-1,-1,33,225478.32614389146,1151344.5575467893,
20103,1,20103,,30010001,,20101,20101,,36139015.216705255,,
20136,1,20136,,17010846,,20140,20140,,48860400,,
20140,1,20140,,17010846,,19912,19912,,9845875,,
20152,1,20152,,10012340,,20158,20158,,81901200,,
20158,1,20158,,10012340,,13928,13928,,33316049.398141585,,
20182,1,20182,,16010846,,20291,20291,,46092750,,
20191,1,20191,,16010846,,20182,20182,,46674700,,
20220,1,20220,,11010420,,20222,20222,,75524050,,
20222,1,20222,,11010420,,20224,20224,,10056450,,
20224,1,20224,,11010420,,20227,20227,,11222900,,
20227,1,20227,,11010420,,20233,20233,,3698350,,
20233,1,20233,,11010420,,19772,19772,,52193575,,
20248,1,20248,,12210937,,6747,6747,,25652550,,
20257,2,20257,,15010191,15040123,8742,8742,,92419375,,
20272,1,20272,,16010829,,20285,20273,,92928025,,
20285,1,20285,,16010829,,20291,20291,,72921350,,
20291,1,20291,,16010829,,20302,20302,,24822050,,
20302,1,20302,,16010829,,20308,20308,,77805650,,
20308,1,20308,,16010829,,19429,19429,,65327300,,
20322,1,20322,,12210212,,20582,20318,,15908475,,
20329,1,20329,,12210212,,20322,20322,,19368400,,
20331,2,20331,,12210212,12241110,20329,20329,,24243850,,
20332,1,20332,,12210212,,20331,20331,,42395325,,
20340,1,20340,,11010237,,20788,20788,,37812573.765947506,5927369.407033167,
20347,1,20347,,10012464,,18841,18841,,3832000,,
20352,1,20352,,10012464,,20360,20360,,54231950,,
20360,1,20360,,10012464,,9847,9847,,43031275,,
20371,1,20371,,20012170,,20381,20381,,35237050,,
20381,1,20381,,20012170,,-1,-1,36,52209433.41559624,216907337.7392525,
20398,1,20398,,12010790,,7329,7329,,66962150,,
20437,1,20437,,17010460,,20444,20444,,78585800,,
20444,1,20444,,17010460,,8238,20446,,21436575,,
20451,1,20451,,14010001,,20456,20456,,60118375,,
20456,1,20456,,14010001,,20459,20459,,72459550,,
20459,1,20459,,14010001,,20460,20460,,35420100,,
20460,1,20460,,14010001,,20466,20466,,1657775,,
20466,1,20466,,14010001,,20472,20472,,35375475,,
20472,1,20472,,14010001,,20477,20477,,52377475,,
20477,1,20477,,14010001,,20482,20482,,11740175,,
20482,1,20482,,14010001,,20484,20484,,59011275,,
20484,1,20484,,14010001,,21801,21801,,49232750,,
20493,1,20493,,14010001,,20496,20496,,62511700,,
20496,1,20496,,14010001,,21700,21700,,25805375,,
20511,1,20511,,14010001,,20512,20512,,66890550,,
20642,1,20642,,12210001,,20648,20648,,425925,,
20648,1,20648,,12210001,,20654,20654,,70467225,,
20654,1,20654,,12210001,,20655,20655,,66647275,,
20512,1,20512,,14010001,,13887,13887,,2265800,,
20514,1,20514,,14010001,,20451,20451,,65260375,,
20531,1,20531,,12210001,,20537,20534,,26280675,,
20537,1,20537,,12210001,,20541,20541,,22730825,,
20541,1,20541,,12210001,,20544,20544,,21353500,,
20544,2,20544,,12210001,12230016,20545,20545,,68454600,,
20545,1,20545,,12210001,,20547,20547,,6722800,,
20547,2,20547,,12210001,12250001,20548,20548,,18202200,,
20548,2,20548,,12210001,12250001,20553,20553,,28656475,,
20553,1,20553,,12210001,,20556,20556,,15616000,,
20556,1,20556,,12210001,,20562,20562,,45029825,,
20562,1,20562,,12210001,,20565,20565,,48211150,,
20565,2,20565,,12210001,12230017,20568,20568,,32318525,,
20568,2,20568,,12210001,12230017,20569,20569,,15570525,,
20569,1,20569,,12210001,,20574,20574,,2954950,,
20574,2,20574,,12210001,12230018,20576,20576,,44086375,,
20576,1,20576,,12210001,,20581,20580,,25394525,,
20655,1,20655,,12210001,,20661,20661,,35625,,
20661,1,20661,,12210001,,20663,20663,,51510375,,
20663,1,20663,,12210001,,20668,20668,,46865425,,
20668,1,20668,,12210001,,20669,20669,,31440575,,
20581,2,20581,,12210001,12230020,20582,20582,,2500175,,
21077,1,21077,,50010252,,1000100,1000100,,52597835.127291776,18476501.575954325,
21094,1,21094,,42010540,,21102,21102,,87112275,,
21102,1,21102,,42010540,,21105,21105,,75145800,,
21105,1,21105,,42010540,,21137,21137,,58846725,,
21113,1,21113,,42010540,,1000017,1000017,,35994718.54700343,,
21117,1,21117,,42010540,,21113,21113,,9072150,,
21119,1,21119,,42010540,,21117,21117,,76467000,,
21128,1,21128,,42010540,,21119,21119,,10470025,,
21129,2,21129,,42010540,42040061,21128,21128,,9492225,,
20582,2,20582,,12210001,12230020,20583,20583,,1414150,,
20583,1,20583,,12210001,,20592,20592,,9545675,,
20592,1,20592,,12210001,,20596,20596,,70906950,,
20596,1,20596,,12210001,,20599,20599,,47785425,,
20599,1,20599,,12210001,,20606,20606,,4005475,,
20606,1,20606,,12210001,,20607,20607,,67471775,,
20607,1,20607,,12210001,,20612,20612,,6760775,,
20612,1,20612,,12210001,,20616,20616,,56961325,,
20616,1,20616,,12210001,,20620,20620,,25218675,,
20620,1,20620,,12210001,,20623,20623,,59382450,,
20623,1,20623,,12210001,,20627,20627,,56721475,,
20627,1,20627,,12210001,,20628,20628,,6428000,,
21132,2,21132,,42010540,42040061,21129,21129,,78450,,
20628,1,20628,,12210001,,20629,20629,,4181450,,
20629,1,20629,,12210001,,20635,20635,,158875,,
20635,1,20635,,12210001,,20637,20637,,82254650,,
20640,2,20640,,12210001,12250004,20641,20641,,3182725,,
21427,1,21427,,30011170,,20101,20101,,3178937.748072724,21597353.107991707,
20641,1,20641,,12210001,,20642,20642,,1667850,,
20669,1,20669,,12210001,,20670,20670,,383625,,
20670,1,20670,,12210001,,20672,20672,,7508550,,
20672,1,20672,,12210001,,21800,21800,,9314550,,
20681,1,20681,,12210001,,20684,20684,,58425150,,
20684,1,20684,,12210001,,7349,7349,,30852425,,
20695,1,20695,,10011422,,18351,18351,,59679425,,
20718,1,20718,,12010518,,20719,20719,,20887550,,
20719,1,20719,,12010518,,20873,20873,,4882525,,
20725,1,20725,,12010518,,20728,20728,,34248950,,
20728,1,20728,,12010518,,20718,20718,,30667275,,
20739,1,20739,,13010650,,16138,20741,,50708625,,
20747,1,20747,,13010650,,20739,20749,,41082800,,
20773,1,20773,,11010236,,20788,20788,,30982200,,
20788,1,20788,,11010236,,20799,20799,,93329425,,
20799,1,20799,,11010236,,21508,21508,,58633325,,
20870,1,20870,,12010510,,20871,20871,,57393700,,
20871,1,20871,,12010510,,20873,20873,,9313025,,
20873,1,20873,,12010510,,20884,20884,,79940475,,
20884,1,20884,,12010510,,7301,7301,,18230575,,
20890,1,20890,,12210680,,20635,20892,,4748600,,
20950,1,20950,,50010001,,20953,20953,,33372075,,
20953,2,20953,,50010001,50050001,20957,20957,,27924225,,
20957,1,20957,,50010001,,20962,20962,,72387400,,
20962,1,20962,,50010001,,1000061,1000061,,31925813.064290572,7607007.245670211,
20968,1,20968,,30010825,,4445,4445,,8658800,,
20969,2,20969,,30010825,30050180,20968,20968,,21857750,,
20973,1,20973,,30010825,,20969,20969,,30641175,,
20978,1,20978,,30010825,,20973,20973,,73225,,
20980,1,20980,,30010825,,20978,20978,,5693900,,
20983,1,20983,,41010453,,20992,20992,,1702750,,
20984,1,20984,,41010453,,13637,13637,,34592675,,
20992,1,20992,,41010453,,20984,20984,,52922225,,
21001,1,21001,,41010453,,20992,20992,,3677875,,
21015,1,21015,,12010650,,21020,21020,,59927600,,
21020,1,21020,,12010650,,21025,21022,,42073175,,
21025,1,21025,,12010650,,7312,7312,,22775650,,
21044,1,21044,,15010370,,21052,21052,,69149425,,
21052,1,21052,,15010370,,21053,21053,,31470675,,
21053,1,21053,,15010370,,21061,21061,,6718100,,
21061,1,21061,,15010370,,16622,16622,,49402475,,
21073,1,21073,,11010333,,11656,11654,,31779550,,
21134,1,21134,,42010540,,21132,21132,,2293400,,
21135,2,21135,,42010540,42040060,21134,21134,,6945075,,
21137,1,21137,,42010540,,21135,21135,,29648225,,
21168,1,21168,,20010410,,21172,21172,,43560800,,
21172,1,21172,,20010410,,21175,21175,,55162400,,
21175,2,21175,,20010410,20050010,21176,21176,,36740275,,
21176,1,21176,,20010410,,21179,21179,,3385775,,
21179,2,21179,,20010410,20050011,21183,21183,,26454250,,
21183,1,21183,,20010410,,21186,21186,,12271050,,
21186,1,21186,,20010410,,21191,21191,,23883275,,
21191,1,21191,,20010410,,1000042,1000042,,67231775,,
21223,1,21223,,12110032,,21225,21225,,66802150,,
21225,1,21225,,12110032,,21230,21230,,17950075,,
21230,2,21230,,12110032,12131632,14689,14689,,64204350,,
21237,1,21237,,13010952,,12345,12345,,6601075,,
21271,1,21271,,10011710,,13874,13874,,38924100,,
21277,1,21277,,30010771,,21281,21281,,44242875,,
21281,1,21281,,30010771,,4417,4417,,38979125,,
21287,1,21287,,10010210,,13722,13722,,25259720.982798353,4976748.23201299,
21301,1,21301,,30010665,,3524,3524,,46440650,,
21331,1,21331,,20010140,,21332,21332,,38224925,,
21332,2,21332,,20010140,20050064,21335,21335,,5127675,,
21335,1,21335,,20010140,,21337,21337,,21655125,,
21337,1,21337,,20010140,,1000037,1000037,,9243425,,
21373,1,21373,,11010227,,21382,21382,,9435608.91418446,4494782.6881444985,
21376,1,21376,,11010227,,21504,21504,,47451245.34946497,5610746.5949509395,
21382,2,21382,,11010227,11050053,21376,21376,,8265617.047934764,57957744.72910477,
21402,1,21402,,11010559,,1558,1558,,68457173.66425785,59156705.40291996,
21405,1,21405,,30011170,,21422,21422,,44158092.050213754,210641570.02273184,
21422,1,21422,,30011170,,21427,21427,,68832052.67148703,508104978.39260054,
21439,1,21439,,50010456,,1000060,1000060,,2815325,,
21440,2,21440,,50010456,50030275,21439,21439,,6536325,,
21442,1,21442,,50010456,,21440,21440,,25787800,,
21444,1,21444,,50010456,,21442,21442,,75601431.18033852,538540155.7067156,
21448,1,21448,,15010560,,21464,21464,,1631829.6222996523,610153.8697487564,
21451,1,21451,,15010560,,21448,21448,,26102950,,
21452,1,21452,,15010560,,21451,21451,,57546750,,
21458,1,21458,,15010560,,16643,16643,,6381626.0722456295,27560291.638108507,
21464,1,21464,,15010560,,21458,21458,,18999142.64178107,430897075.89818054,
21716,2,21716,,14010660,14030070,5044,21806,,1034550,,
21466,1,21466,,20012010,,21481,21481,,2786675,,
21476,2,21476,,20012010,20050100,19619,21475,,1556000,,
21717,2,21717,,14010659,14030070,21805,21805,,227150,,
21731,1,21731,,12010512,,20870,20870,,22911725,,
21477,2,21477,,20012010,20050100,21476,21476,,3329550,,
21481,1,21481,,20012010,,21477,21477,,41360050,,
21492,1,21492,,11010220,,21498,21498,,73243795.01966137,83430796.36433996,
100013,2,100013,,,50040100,1000100,1000100,,108795225,,
100020,1,100020,,11010550,,1558,1558,,35662645.348671764,209862385.35897806,
100031,1,100031,,12110280,,15482,15482,,42466000,12549395.356105119,
100041,2,100041,,10011370,10050290,18317,18317,,39759750,,
100061,1,100061,,41010210,,12052,12052,,19366275,,
100068,2,100068,,10011290,10050001,13832,13832,,56346725,,
21498,1,21498,,11010220,,21504,21504,,2957350,,
21504,1,21504,,11010220,,21508,21508,,70314925,,
21508,1,21508,,11010220,,21518,21518,,22538200,,
21518,1,21518,,11010220,,19754,19754,,69784550,,
21558,2,21558,,,10040880,18342,21559,,6283375,,
21629,1,21629,,10010884,,2690,2690,,16835950,,
21672,2,21672,,12110216,12130331,15841,21673,,57495525,,
21693,1,21693,,12010340,,2680,2680,,42314325,,
21700,1,21700,,14010001,,20511,20511,,57840400,,
21707,1,21707,,12020001,,19743,19743,,10624100,,
1000032,1,1000032,,40010320,,-1,-1,32,58388307.172244236,34755745.78279264,
1000034,1,1000034,,30011410,,-1,-1,34,15124824.950252596,,
1000035,1,1000035,,30011430,,-1,-1,35,53212553.70165018,45479493.04000604,
1000037,1,1000037,,20010810,,-1,-1,37,23334510.356467858,44558134.662246294,
21760,2,21760,,12210113,12250026,9982,9982,,3208800,,
21794,1,21794,,12110023,,16183,16183,,15365900,,
21797,1,21797,,12110210,,1538,1538,,33873000,,
21799,2,21799,,17010240,17050061,15281,15281,,10764300,,
21800,1,21800,,12210001,,20681,20681,,19346750,,
21801,1,21801,,14010001,,20493,20493,,14573900,,
21805,2,21805,,14010230,14030070,5044,21806,,12716050,,
21807,1,21807,,12010380,,6134,6134,,66559725,,
21808,1,21808,,12010590,,7304,7304,,42395525,,
21809,1,21809,,11010624,,19851,19851,,18366925,,
21810,1,21810,,11010620,,19851,19851,,9021550,,
100002,1,100002,,12210147,,100003,100003,,53839500,,
100003,1,100003,,12210147,,9180,9180,,5686850,,
200803,3,-1,,,16050144,17225,-1,,2466000,,
201667,3,-1,,,11030167,20233,-1,,14588450,,
201877,3,-1,,,10040576,12374,-1,,7271575,,
202123,3,-1,,,10030670,17450,-1,,9029525,,
202676,3,-1,,,12131150,7911,-1,,10981000,,
203184,3,-1,,,12230318,20547,-1,,4644925,,
203581,3,-1,,,12230181,20548,-1,,9070250,,
203588,3,-1,,,12230405,20548,-1,,10430900,,
203633,3,-1,,,10060005,12998,-1,,8574175,,
300005,4,-1,,,,-1,-1,44,98048219.33209285,,
1000038,1,1000038,,20010710,,-1,-1,38,10110852.286724554,,
1000039,1,1000039,,20010720,,-1,-1,39,64193655.88286963,,
1000040,1,1000040,,20010740,,-1,-1,40,28137784.434862178,,
1000041,1,1000041,,20010750,,-1,-1,41,9218533.12115039,,
1000042,1,1000042,,20010410,,-1,-1,42,60400964.893410146,,
300014,4,-1,,,,-1,-1,36,662862.0159021021,,
1000043,1,1000043,,20010310,,-1,-1,43,12578444.267689627,,
1000045,1,1000045,,20010110,,-1,-1,45,5817887.76903274,,
1000046,1,1000046,,10010001,,-1,-1,46,21086941.06969638,676230.6492630341,
1000047,1,1000047,,10012669,,-1,-1,47,7430638.303733849,,
1000048,1,1000048,,10070002,,-1,-1,48,20356895.10686117,27450021.60074842,
1000050,3,-1,,,60030001,-1,-1,50,64256877.86536182,68030557.14676419,
1000051,3,-1,,,10030111,-1,-1,51,44082171.11267283,5040852.944742271,
1000052,1,1000052,,10012751,,-1,-1,52,32046574.953351256,129867853.94319347,
1000053,4,-1,,,,-1,-1,53,20478475.111035697,,
1000054,1,1000054,,10010170,,-1,-1,54,46629581.165500805,31571683.604025032,
1000055,1,1000055,,11010322,,-1,-1,55,16159102.916838752,16342156.456459327,
1000056,1,1000056,,10011901,,-1,-1,56,51297788.11318522,,
1000057,1,1000057,,10010020,,-1,-1,57,46640835.30329663,9570923.748520333,
1000058,1,1000058,,12010090,,-1,-1,58,11149229.245320894,840098.7796217853,
1000059,1,1000059,,12011250,,-1,-1,59,75978673.3990949,1209838.6186750936,
1000060,1,1000060,,50010410,,-1,-1,60,43960414.36465873,7021734.392663383,
1000061,1,1000061,,50010001,,-1,-1,61,43869413.45346454,161192725.5355236,
1000062,1,1000062,,50010684,,-1,-1,62,70954264.90310092,12694157.550854517,
1000063,1,1000063,,50010601,,-1,-1,63,18586295.83179028,80316807.49481219,
1000064,1,1000064,,50010820,,-1,-1,64,7630418.472579865,,
1000065,1,1000065,,50010840,,-1,-1,65,39916425.23159784,,
1000066,1,1000066,,42010460,,-1,-1,66,23814820.15463431,3911033.4754371014,
1000067,4,-1,,,,-1,-1,67,7005892.561093676,,
300020,4,-1,,,,-1,-1,33,955635.3453862449,,
1000002,1,1000002,,40010128,,-1,-1,2,46705768.70273353,,
1000003,1,1000003,,40010137,,-1,-1,3,23939112.492852166,,
1000004,1,1000004,,40010142,,-1,-1,4,6021198.089299258,,
1000005,1,1000005,,40010046,,-1,-1,5,21906854.849358484,,
1000006,1,1000006,,40010110,,-1,-1,6,46526439.496829815,60424.59761170728,
1000007,1,1000007,,40010044,,-1,-1,7,21083760.32313107,,
1000008,1,1000008,,40010378,,-1,-1,8,10725222.033244776,,
1000009,1,1000009,,40010033,,-1,-1,9,72252525.96650434,197740.13803469398,
1000010,1,1000010,,40010022,,-1,-1,10,60991954.904072665,211879.15689757137,
1000011,1,1000011,,40010032,,-1,-1,11,11198036.166064888,75328.16355389859,
1000012,1,1000012,,40010010,,-1,-1,12,37647165.02408004,,
1000095,1,1000095,,20010010,,-1,-1,95,13446619.175874673,,
1000098,1,1000098,,20020001,,-1,-1,98,51657968.22558217,,
1000777,1,1000777,,10012669,,-1,-1,777,544579.0011379877,,
1000888,1,1000888,,10010001,,-1,-1,888,4043264.9747935147,288712749.60334206,
1001112,1,1001112,,41010850,,-1,-1,1112,27403461.995918337,,
1000013,1,1000013,,41011430,,-1,-1,13,2931162.4986870755,77673.82902368216,
1000014,1,1000014,,41010001,,-1,-1,14,27441372.57468281,70686823.34987988,
1000015,1,1000015,,41011450,,-1,-1,15,86273765.0245305,2491923.380534057,
1000016,1,1000016,,42010760,,-1,-1,16,26328454.239629038,739234.4635241019,
1000017,1,1000017,,42010001,,-1,-1,17,58841413.02501473,38942707.0288191,
1000018,1,1000018,,40010160,,-1,-1,18,18848599.78539221,59913.72077745522,
1000019,1,1000019,,40010162,,-1,-1,19,30918080.22581891,,
1000020,1,1000020,,40010165,,-1,-1,20,5194884.377980371,1089288.0846253783,
1000021,1,1000021,,40010170,,-1,-1,21,18147495.691239323,,
1000022,1,1000022,,40010194,,-1,-1,22,66605990.8847076,,
1000024,1,1000024,,40010269,,-1,-1,24,52072825.55625597,,
1010001,4,-1,,,,-1,-1,10001,4064002.253764493,,
1010002,4,-1,,,,-1,-1,10002,3857176.588239937,,
1010003,4,-1,,,,-1,-1,10003,19819771.119126894,,
1000025,1,1000025,,40010250,,-1,-1,25,3852399.2393642757,262285.4236922453,
1000026,1,1000026,,40010366,,-1,-1,26,67922002.011457,,
1000028,1,1000028,,40010364,,-1,-1,28,14123030.430207578,,
1000029,1,1000029,,40010352,,-1,-1,29,56053154.67786495,,
1000030,1,1000030,,40010377,,-1,-1,30,4057634.0394948027,71702.68689011173,
1000031,1,1000031,,40010372,,-1,-1,31,40560923.512145735,2062710.7866376522,
1000100,2,1000100,,,50040100,-1,-1,100,14951230.671652626,17977949.55145073,
1010004,4,-1,,,,-1,-1,10004,175865.61224160562,,
1010005,4,-1,,,,-1,-1,10005,770328.3705658665,,
